:0200000460009A
:100000004643464200000156000000000103030081
:1000100000000000000000000000000000000000E0
:1000200000000000000000000000000000000000D0
:1000300000000000000000000000000000000000C0
:1000400000000000010408000000000000000000A3
:100050000000200000000000000000000000000080
:100060000000000000000000000000000000000090
:100070000000000000000000000000000000000080
:10008000EB04180A063204260000000000000000FD
:10009000050404240000000000000000000000002F
:1000A0000000000000000000000000000000000050
:1000B0000604000000000000000000000000000036
:1000C0000000000000000000000000000000000030
:1000D00020041808000000000000000000000000DC
:1000E0000000000000000000000000000000000010
:1000F0000000000000000000000000000000000000
:10010000D8041808000000000000000000000000F3
:100110000204180804200000000000000000000095
:1001200000000000000000000000000000000000CF
:10013000600400000000000000000000000000005B
:1001400000000000000000000000000000000000AF
:10015000000000000000000000000000000000009F
:10016000000000000000000000000000000000008F
:10017000000000000000000000000000000000007F
:10018000000000000000000000000000000000006F
:10019000000000000000000000000000000000005F
:1001A000000000000000000000000000000000004F
:1001B000000000000000000000000000000000003F
:1001C000000100000010000001000000000000001D
:1001D000000001000000000000000000000000001E
:1001E000000000000000000000000000000000000F
:1001F00000000000000000000000000000000000FF
:10020000FFFFFFFFFFFFFFFFFFFFFFFFFFFFFFFFFE
:10021000FFFFFFFFFFFFFFFFFFFFFFFFFFFFFFFFEE
:10022000FFFFFFFFFFFFFFFFFFFFFFFFFFFFFFFFDE
:10023000FFFFFFFFFFFFFFFFFFFFFFFFFFFFFFFFCE
:10024000FFFFFFFFFFFFFFFFFFFFFFFFFFFFFFFFBE
:10025000FFFFFFFFFFFFFFFFFFFFFFFFFFFFFFFFAE
:10026000FFFFFFFFFFFFFFFFFFFFFFFFFFFFFFFF9E
:10027000FFFFFFFFFFFFFFFFFFFFFFFFFFFFFFFF8E
:10028000FFFFFFFFFFFFFFFFFFFFFFFFFFFFFFFF7E
:10029000FFFFFFFFFFFFFFFFFFFFFFFFFFFFFFFF6E
:1002A000FFFFFFFFFFFFFFFFFFFFFFFFFFFFFFFF5E
:1002B000FFFFFFFFFFFFFFFFFFFFFFFFFFFFFFFF4E
:1002C000FFFFFFFFFFFFFFFFFFFFFFFFFFFFFFFF3E
:1002D000FFFFFFFFFFFFFFFFFFFFFFFFFFFFFFFF2E
:1002E000FFFFFFFFFFFFFFFFFFFFFFFFFFFFFFFF1E
:1002F000FFFFFFFFFFFFFFFFFFFFFFFFFFFFFFFF0E
:10030000FFFFFFFFFFFFFFFFFFFFFFFFFFFFFFFFFD
:10031000FFFFFFFFFFFFFFFFFFFFFFFFFFFFFFFFED
:10032000FFFFFFFFFFFFFFFFFFFFFFFFFFFFFFFFDD
:10033000FFFFFFFFFFFFFFFFFFFFFFFFFFFFFFFFCD
:10034000FFFFFFFFFFFFFFFFFFFFFFFFFFFFFFFFBD
:10035000FFFFFFFFFFFFFFFFFFFFFFFFFFFFFFFFAD
:10036000FFFFFFFFFFFFFFFFFFFFFFFFFFFFFFFF9D
:10037000FFFFFFFFFFFFFFFFFFFFFFFFFFFFFFFF8D
:10038000FFFFFFFFFFFFFFFFFFFFFFFFFFFFFFFF7D
:10039000FFFFFFFFFFFFFFFFFFFFFFFFFFFFFFFF6D
:1003A000FFFFFFFFFFFFFFFFFFFFFFFFFFFFFFFF5D
:1003B000FFFFFFFFFFFFFFFFFFFFFFFFFFFFFFFF4D
:1003C000FFFFFFFFFFFFFFFFFFFFFFFFFFFFFFFF3D
:1003D000FFFFFFFFFFFFFFFFFFFFFFFFFFFFFFFF2D
:1003E000FFFFFFFFFFFFFFFFFFFFFFFFFFFFFFFF1D
:1003F000FFFFFFFFFFFFFFFFFFFFFFFFFFFFFFFF0D
:10040000FFFFFFFFFFFFFFFFFFFFFFFFFFFFFFFFFC
:10041000FFFFFFFFFFFFFFFFFFFFFFFFFFFFFFFFEC
:10042000FFFFFFFFFFFFFFFFFFFFFFFFFFFFFFFFDC
:10043000FFFFFFFFFFFFFFFFFFFFFFFFFFFFFFFFCC
:10044000FFFFFFFFFFFFFFFFFFFFFFFFFFFFFFFFBC
:10045000FFFFFFFFFFFFFFFFFFFFFFFFFFFFFFFFAC
:10046000FFFFFFFFFFFFFFFFFFFFFFFFFFFFFFFF9C
:10047000FFFFFFFFFFFFFFFFFFFFFFFFFFFFFFFF8C
:10048000FFFFFFFFFFFFFFFFFFFFFFFFFFFFFFFF7C
:10049000FFFFFFFFFFFFFFFFFFFFFFFFFFFFFFFF6C
:1004A000FFFFFFFFFFFFFFFFFFFFFFFFFFFFFFFF5C
:1004B000FFFFFFFFFFFFFFFFFFFFFFFFFFFFFFFF4C
:1004C000FFFFFFFFFFFFFFFFFFFFFFFFFFFFFFFF3C
:1004D000FFFFFFFFFFFFFFFFFFFFFFFFFFFFFFFF2C
:1004E000FFFFFFFFFFFFFFFFFFFFFFFFFFFFFFFF1C
:1004F000FFFFFFFFFFFFFFFFFFFFFFFFFFFFFFFF0C
:10050000FFFFFFFFFFFFFFFFFFFFFFFFFFFFFFFFFB
:10051000FFFFFFFFFFFFFFFFFFFFFFFFFFFFFFFFEB
:10052000FFFFFFFFFFFFFFFFFFFFFFFFFFFFFFFFDB
:10053000FFFFFFFFFFFFFFFFFFFFFFFFFFFFFFFFCB
:10054000FFFFFFFFFFFFFFFFFFFFFFFFFFFFFFFFBB
:10055000FFFFFFFFFFFFFFFFFFFFFFFFFFFFFFFFAB
:10056000FFFFFFFFFFFFFFFFFFFFFFFFFFFFFFFF9B
:10057000FFFFFFFFFFFFFFFFFFFFFFFFFFFFFFFF8B
:10058000FFFFFFFFFFFFFFFFFFFFFFFFFFFFFFFF7B
:10059000FFFFFFFFFFFFFFFFFFFFFFFFFFFFFFFF6B
:1005A000FFFFFFFFFFFFFFFFFFFFFFFFFFFFFFFF5B
:1005B000FFFFFFFFFFFFFFFFFFFFFFFFFFFFFFFF4B
:1005C000FFFFFFFFFFFFFFFFFFFFFFFFFFFFFFFF3B
:1005D000FFFFFFFFFFFFFFFFFFFFFFFFFFFFFFFF2B
:1005E000FFFFFFFFFFFFFFFFFFFFFFFFFFFFFFFF1B
:1005F000FFFFFFFFFFFFFFFFFFFFFFFFFFFFFFFF0B
:10060000FFFFFFFFFFFFFFFFFFFFFFFFFFFFFFFFFA
:10061000FFFFFFFFFFFFFFFFFFFFFFFFFFFFFFFFEA
:10062000FFFFFFFFFFFFFFFFFFFFFFFFFFFFFFFFDA
:10063000FFFFFFFFFFFFFFFFFFFFFFFFFFFFFFFFCA
:10064000FFFFFFFFFFFFFFFFFFFFFFFFFFFFFFFFBA
:10065000FFFFFFFFFFFFFFFFFFFFFFFFFFFFFFFFAA
:10066000FFFFFFFFFFFFFFFFFFFFFFFFFFFFFFFF9A
:10067000FFFFFFFFFFFFFFFFFFFFFFFFFFFFFFFF8A
:10068000FFFFFFFFFFFFFFFFFFFFFFFFFFFFFFFF7A
:10069000FFFFFFFFFFFFFFFFFFFFFFFFFFFFFFFF6A
:1006A000FFFFFFFFFFFFFFFFFFFFFFFFFFFFFFFF5A
:1006B000FFFFFFFFFFFFFFFFFFFFFFFFFFFFFFFF4A
:1006C000FFFFFFFFFFFFFFFFFFFFFFFFFFFFFFFF3A
:1006D000FFFFFFFFFFFFFFFFFFFFFFFFFFFFFFFF2A
:1006E000FFFFFFFFFFFFFFFFFFFFFFFFFFFFFFFF1A
:1006F000FFFFFFFFFFFFFFFFFFFFFFFFFFFFFFFF0A
:10070000FFFFFFFFFFFFFFFFFFFFFFFFFFFFFFFFF9
:10071000FFFFFFFFFFFFFFFFFFFFFFFFFFFFFFFFE9
:10072000FFFFFFFFFFFFFFFFFFFFFFFFFFFFFFFFD9
:10073000FFFFFFFFFFFFFFFFFFFFFFFFFFFFFFFFC9
:10074000FFFFFFFFFFFFFFFFFFFFFFFFFFFFFFFFB9
:10075000FFFFFFFFFFFFFFFFFFFFFFFFFFFFFFFFA9
:10076000FFFFFFFFFFFFFFFFFFFFFFFFFFFFFFFF99
:10077000FFFFFFFFFFFFFFFFFFFFFFFFFFFFFFFF89
:10078000FFFFFFFFFFFFFFFFFFFFFFFFFFFFFFFF79
:10079000FFFFFFFFFFFFFFFFFFFFFFFFFFFFFFFF69
:1007A000FFFFFFFFFFFFFFFFFFFFFFFFFFFFFFFF59
:1007B000FFFFFFFFFFFFFFFFFFFFFFFFFFFFFFFF49
:1007C000FFFFFFFFFFFFFFFFFFFFFFFFFFFFFFFF39
:1007D000FFFFFFFFFFFFFFFFFFFFFFFFFFFFFFFF29
:1007E000FFFFFFFFFFFFFFFFFFFFFFFFFFFFFFFF19
:1007F000FFFFFFFFFFFFFFFFFFFFFFFFFFFFFFFF09
:10080000FFFFFFFFFFFFFFFFFFFFFFFFFFFFFFFFF8
:10081000FFFFFFFFFFFFFFFFFFFFFFFFFFFFFFFFE8
:10082000FFFFFFFFFFFFFFFFFFFFFFFFFFFFFFFFD8
:10083000FFFFFFFFFFFFFFFFFFFFFFFFFFFFFFFFC8
:10084000FFFFFFFFFFFFFFFFFFFFFFFFFFFFFFFFB8
:10085000FFFFFFFFFFFFFFFFFFFFFFFFFFFFFFFFA8
:10086000FFFFFFFFFFFFFFFFFFFFFFFFFFFFFFFF98
:10087000FFFFFFFFFFFFFFFFFFFFFFFFFFFFFFFF88
:10088000FFFFFFFFFFFFFFFFFFFFFFFFFFFFFFFF78
:10089000FFFFFFFFFFFFFFFFFFFFFFFFFFFFFFFF68
:1008A000FFFFFFFFFFFFFFFFFFFFFFFFFFFFFFFF58
:1008B000FFFFFFFFFFFFFFFFFFFFFFFFFFFFFFFF48
:1008C000FFFFFFFFFFFFFFFFFFFFFFFFFFFFFFFF38
:1008D000FFFFFFFFFFFFFFFFFFFFFFFFFFFFFFFF28
:1008E000FFFFFFFFFFFFFFFFFFFFFFFFFFFFFFFF18
:1008F000FFFFFFFFFFFFFFFFFFFFFFFFFFFFFFFF08
:10090000FFFFFFFFFFFFFFFFFFFFFFFFFFFFFFFFF7
:10091000FFFFFFFFFFFFFFFFFFFFFFFFFFFFFFFFE7
:10092000FFFFFFFFFFFFFFFFFFFFFFFFFFFFFFFFD7
:10093000FFFFFFFFFFFFFFFFFFFFFFFFFFFFFFFFC7
:10094000FFFFFFFFFFFFFFFFFFFFFFFFFFFFFFFFB7
:10095000FFFFFFFFFFFFFFFFFFFFFFFFFFFFFFFFA7
:10096000FFFFFFFFFFFFFFFFFFFFFFFFFFFFFFFF97
:10097000FFFFFFFFFFFFFFFFFFFFFFFFFFFFFFFF87
:10098000FFFFFFFFFFFFFFFFFFFFFFFFFFFFFFFF77
:10099000FFFFFFFFFFFFFFFFFFFFFFFFFFFFFFFF67
:1009A000FFFFFFFFFFFFFFFFFFFFFFFFFFFFFFFF57
:1009B000FFFFFFFFFFFFFFFFFFFFFFFFFFFFFFFF47
:1009C000FFFFFFFFFFFFFFFFFFFFFFFFFFFFFFFF37
:1009D000FFFFFFFFFFFFFFFFFFFFFFFFFFFFFFFF27
:1009E000FFFFFFFFFFFFFFFFFFFFFFFFFFFFFFFF17
:1009F000FFFFFFFFFFFFFFFFFFFFFFFFFFFFFFFF07
:100A0000FFFFFFFFFFFFFFFFFFFFFFFFFFFFFFFFF6
:100A1000FFFFFFFFFFFFFFFFFFFFFFFFFFFFFFFFE6
:100A2000FFFFFFFFFFFFFFFFFFFFFFFFFFFFFFFFD6
:100A3000FFFFFFFFFFFFFFFFFFFFFFFFFFFFFFFFC6
:100A4000FFFFFFFFFFFFFFFFFFFFFFFFFFFFFFFFB6
:100A5000FFFFFFFFFFFFFFFFFFFFFFFFFFFFFFFFA6
:100A6000FFFFFFFFFFFFFFFFFFFFFFFFFFFFFFFF96
:100A7000FFFFFFFFFFFFFFFFFFFFFFFFFFFFFFFF86
:100A8000FFFFFFFFFFFFFFFFFFFFFFFFFFFFFFFF76
:100A9000FFFFFFFFFFFFFFFFFFFFFFFFFFFFFFFF66
:100AA000FFFFFFFFFFFFFFFFFFFFFFFFFFFFFFFF56
:100AB000FFFFFFFFFFFFFFFFFFFFFFFFFFFFFFFF46
:100AC000FFFFFFFFFFFFFFFFFFFFFFFFFFFFFFFF36
:100AD000FFFFFFFFFFFFFFFFFFFFFFFFFFFFFFFF26
:100AE000FFFFFFFFFFFFFFFFFFFFFFFFFFFFFFFF16
:100AF000FFFFFFFFFFFFFFFFFFFFFFFFFFFFFFFF06
:100B0000FFFFFFFFFFFFFFFFFFFFFFFFFFFFFFFFF5
:100B1000FFFFFFFFFFFFFFFFFFFFFFFFFFFFFFFFE5
:100B2000FFFFFFFFFFFFFFFFFFFFFFFFFFFFFFFFD5
:100B3000FFFFFFFFFFFFFFFFFFFFFFFFFFFFFFFFC5
:100B4000FFFFFFFFFFFFFFFFFFFFFFFFFFFFFFFFB5
:100B5000FFFFFFFFFFFFFFFFFFFFFFFFFFFFFFFFA5
:100B6000FFFFFFFFFFFFFFFFFFFFFFFFFFFFFFFF95
:100B7000FFFFFFFFFFFFFFFFFFFFFFFFFFFFFFFF85
:100B8000FFFFFFFFFFFFFFFFFFFFFFFFFFFFFFFF75
:100B9000FFFFFFFFFFFFFFFFFFFFFFFFFFFFFFFF65
:100BA000FFFFFFFFFFFFFFFFFFFFFFFFFFFFFFFF55
:100BB000FFFFFFFFFFFFFFFFFFFFFFFFFFFFFFFF45
:100BC000FFFFFFFFFFFFFFFFFFFFFFFFFFFFFFFF35
:100BD000FFFFFFFFFFFFFFFFFFFFFFFFFFFFFFFF25
:100BE000FFFFFFFFFFFFFFFFFFFFFFFFFFFFFFFF15
:100BF000FFFFFFFFFFFFFFFFFFFFFFFFFFFFFFFF05
:100C0000FFFFFFFFFFFFFFFFFFFFFFFFFFFFFFFFF4
:100C1000FFFFFFFFFFFFFFFFFFFFFFFFFFFFFFFFE4
:100C2000FFFFFFFFFFFFFFFFFFFFFFFFFFFFFFFFD4
:100C3000FFFFFFFFFFFFFFFFFFFFFFFFFFFFFFFFC4
:100C4000FFFFFFFFFFFFFFFFFFFFFFFFFFFFFFFFB4
:100C5000FFFFFFFFFFFFFFFFFFFFFFFFFFFFFFFFA4
:100C6000FFFFFFFFFFFFFFFFFFFFFFFFFFFFFFFF94
:100C7000FFFFFFFFFFFFFFFFFFFFFFFFFFFFFFFF84
:100C8000FFFFFFFFFFFFFFFFFFFFFFFFFFFFFFFF74
:100C9000FFFFFFFFFFFFFFFFFFFFFFFFFFFFFFFF64
:100CA000FFFFFFFFFFFFFFFFFFFFFFFFFFFFFFFF54
:100CB000FFFFFFFFFFFFFFFFFFFFFFFFFFFFFFFF44
:100CC000FFFFFFFFFFFFFFFFFFFFFFFFFFFFFFFF34
:100CD000FFFFFFFFFFFFFFFFFFFFFFFFFFFFFFFF24
:100CE000FFFFFFFFFFFFFFFFFFFFFFFFFFFFFFFF14
:100CF000FFFFFFFFFFFFFFFFFFFFFFFFFFFFFFFF04
:100D0000FFFFFFFFFFFFFFFFFFFFFFFFFFFFFFFFF3
:100D1000FFFFFFFFFFFFFFFFFFFFFFFFFFFFFFFFE3
:100D2000FFFFFFFFFFFFFFFFFFFFFFFFFFFFFFFFD3
:100D3000FFFFFFFFFFFFFFFFFFFFFFFFFFFFFFFFC3
:100D4000FFFFFFFFFFFFFFFFFFFFFFFFFFFFFFFFB3
:100D5000FFFFFFFFFFFFFFFFFFFFFFFFFFFFFFFFA3
:100D6000FFFFFFFFFFFFFFFFFFFFFFFFFFFFFFFF93
:100D7000FFFFFFFFFFFFFFFFFFFFFFFFFFFFFFFF83
:100D8000FFFFFFFFFFFFFFFFFFFFFFFFFFFFFFFF73
:100D9000FFFFFFFFFFFFFFFFFFFFFFFFFFFFFFFF63
:100DA000FFFFFFFFFFFFFFFFFFFFFFFFFFFFFFFF53
:100DB000FFFFFFFFFFFFFFFFFFFFFFFFFFFFFFFF43
:100DC000FFFFFFFFFFFFFFFFFFFFFFFFFFFFFFFF33
:100DD000FFFFFFFFFFFFFFFFFFFFFFFFFFFFFFFF23
:100DE000FFFFFFFFFFFFFFFFFFFFFFFFFFFFFFFF13
:100DF000FFFFFFFFFFFFFFFFFFFFFFFFFFFFFFFF03
:100E0000FFFFFFFFFFFFFFFFFFFFFFFFFFFFFFFFF2
:100E1000FFFFFFFFFFFFFFFFFFFFFFFFFFFFFFFFE2
:100E2000FFFFFFFFFFFFFFFFFFFFFFFFFFFFFFFFD2
:100E3000FFFFFFFFFFFFFFFFFFFFFFFFFFFFFFFFC2
:100E4000FFFFFFFFFFFFFFFFFFFFFFFFFFFFFFFFB2
:100E5000FFFFFFFFFFFFFFFFFFFFFFFFFFFFFFFFA2
:100E6000FFFFFFFFFFFFFFFFFFFFFFFFFFFFFFFF92
:100E7000FFFFFFFFFFFFFFFFFFFFFFFFFFFFFFFF82
:100E8000FFFFFFFFFFFFFFFFFFFFFFFFFFFFFFFF72
:100E9000FFFFFFFFFFFFFFFFFFFFFFFFFFFFFFFF62
:100EA000FFFFFFFFFFFFFFFFFFFFFFFFFFFFFFFF52
:100EB000FFFFFFFFFFFFFFFFFFFFFFFFFFFFFFFF42
:100EC000FFFFFFFFFFFFFFFFFFFFFFFFFFFFFFFF32
:100ED000FFFFFFFFFFFFFFFFFFFFFFFFFFFFFFFF22
:100EE000FFFFFFFFFFFFFFFFFFFFFFFFFFFFFFFF12
:100EF000FFFFFFFFFFFFFFFFFFFFFFFFFFFFFFFF02
:100F0000FFFFFFFFFFFFFFFFFFFFFFFFFFFFFFFFF1
:100F1000FFFFFFFFFFFFFFFFFFFFFFFFFFFFFFFFE1
:100F2000FFFFFFFFFFFFFFFFFFFFFFFFFFFFFFFFD1
:100F3000FFFFFFFFFFFFFFFFFFFFFFFFFFFFFFFFC1
:100F4000FFFFFFFFFFFFFFFFFFFFFFFFFFFFFFFFB1
:100F5000FFFFFFFFFFFFFFFFFFFFFFFFFFFFFFFFA1
:100F6000FFFFFFFFFFFFFFFFFFFFFFFFFFFFFFFF91
:100F7000FFFFFFFFFFFFFFFFFFFFFFFFFFFFFFFF81
:100F8000FFFFFFFFFFFFFFFFFFFFFFFFFFFFFFFF71
:100F9000FFFFFFFFFFFFFFFFFFFFFFFFFFFFFFFF61
:100FA000FFFFFFFFFFFFFFFFFFFFFFFFFFFFFFFF51
:100FB000FFFFFFFFFFFFFFFFFFFFFFFFFFFFFFFF41
:100FC000FFFFFFFFFFFFFFFFFFFFFFFFFFFFFFFF31
:100FD000FFFFFFFFFFFFFFFFFFFFFFFFFFFFFFFF21
:100FE000FFFFFFFFFFFFFFFFFFFFFFFFFFFFFFFF11
:100FF000FFFFFFFFFFFFFFFFFFFFFFFFFFFFFFFF01
:10100000D1002043491600600000000000000000ED
:10101000201000600010006000BC006000000000B4
:101020000000006000C8000000000000FFFFFFFF9C
:10103000FFFFFFFFFFFFFFFFFFFFFFFFFFFFFFFFC0
:10104000FFFFFFFFFFFFFFFFFFFFFFFFFFFFFFFFB0
:10105000FFFFFFFFFFFFFFFFFFFFFFFFFFFFFFFFA0
:10106000FFFFFFFFFFFFFFFFFFFFFFFFFFFFFFFF90
:10107000FFFFFFFFFFFFFFFFFFFFFFFFFFFFFFFF80
:10108000FFFFFFFFFFFFFFFFFFFFFFFFFFFFFFFF70
:10109000FFFFFFFFFFFFFFFFFFFFFFFFFFFFFFFF60
:1010A000FFFFFFFFFFFFFFFFFFFFFFFFFFFFFFFF50
:1010B000FFFFFFFFFFFFFFFFFFFFFFFFFFFFFFFF40
:1010C000FFFFFFFFFFFFFFFFFFFFFFFFFFFFFFFF30
:1010D000FFFFFFFFFFFFFFFFFFFFFFFFFFFFFFFF20
:1010E000FFFFFFFFFFFFFFFFFFFFFFFFFFFFFFFF10
:1010F000FFFFFFFFFFFFFFFFFFFFFFFFFFFFFFFF00
:10110000FFFFFFFFFFFFFFFFFFFFFFFFFFFFFFFFEF
:10111000FFFFFFFFFFFFFFFFFFFFFFFFFFFFFFFFDF
:10112000FFFFFFFFFFFFFFFFFFFFFFFFFFFFFFFFCF
:10113000FFFFFFFFFFFFFFFFFFFFFFFFFFFFFFFFBF
:10114000FFFFFFFFFFFFFFFFFFFFFFFFFFFFFFFFAF
:10115000FFFFFFFFFFFFFFFFFFFFFFFFFFFFFFFF9F
:10116000FFFFFFFFFFFFFFFFFFFFFFFFFFFFFFFF8F
:10117000FFFFFFFFFFFFFFFFFFFFFFFFFFFFFFFF7F
:10118000FFFFFFFFFFFFFFFFFFFFFFFFFFFFFFFF6F
:10119000FFFFFFFFFFFFFFFFFFFFFFFFFFFFFFFF5F
:1011A000FFFFFFFFFFFFFFFFFFFFFFFFFFFFFFFF4F
:1011B000FFFFFFFFFFFFFFFFFFFFFFFFFFFFFFFF3F
:1011C000FFFFFFFFFFFFFFFFFFFFFFFFFFFFFFFF2F
:1011D000FFFFFFFFFFFFFFFFFFFFFFFFFFFFFFFF1F
:1011E000FFFFFFFFFFFFFFFFFFFFFFFFFFFFFFFF0F
:1011F000FFFFFFFFFFFFFFFFFFFFFFFFFFFFFFFFFF
:10120000FFFFFFFFFFFFFFFFFFFFFFFFFFFFFFFFEE
:10121000FFFFFFFFFFFFFFFFFFFFFFFFFFFFFFFFDE
:10122000FFFFFFFFFFFFFFFFFFFFFFFFFFFFFFFFCE
:10123000FFFFFFFFFFFFFFFFFFFFFFFFFFFFFFFFBE
:10124000FFFFFFFFFFFFFFFFFFFFFFFFFFFFFFFFAE
:10125000FFFFFFFFFFFFFFFFFFFFFFFFFFFFFFFF9E
:10126000FFFFFFFFFFFFFFFFFFFFFFFFFFFFFFFF8E
:10127000FFFFFFFFFFFFFFFFFFFFFFFFFFFFFFFF7E
:10128000FFFFFFFFFFFFFFFFFFFFFFFFFFFFFFFF6E
:10129000FFFFFFFFFFFFFFFFFFFFFFFFFFFFFFFF5E
:1012A000FFFFFFFFFFFFFFFFFFFFFFFFFFFFFFFF4E
:1012B000FFFFFFFFFFFFFFFFFFFFFFFFFFFFFFFF3E
:1012C000FFFFFFFFFFFFFFFFFFFFFFFFFFFFFFFF2E
:1012D000FFFFFFFFFFFFFFFFFFFFFFFFFFFFFFFF1E
:1012E000FFFFFFFFFFFFFFFFFFFFFFFFFFFFFFFF0E
:1012F000FFFFFFFFFFFFFFFFFFFFFFFFFFFFFFFFFE
:10130000FFFFFFFFFFFFFFFFFFFFFFFFFFFFFFFFED
:10131000FFFFFFFFFFFFFFFFFFFFFFFFFFFFFFFFDD
:10132000FFFFFFFFFFFFFFFFFFFFFFFFFFFFFFFFCD
:10133000FFFFFFFFFFFFFFFFFFFFFFFFFFFFFFFFBD
:10134000FFFFFFFFFFFFFFFFFFFFFFFFFFFFFFFFAD
:10135000FFFFFFFFFFFFFFFFFFFFFFFFFFFFFFFF9D
:10136000FFFFFFFFFFFFFFFFFFFFFFFFFFFFFFFF8D
:10137000FFFFFFFFFFFFFFFFFFFFFFFFFFFFFFFF7D
:10138000FFFFFFFFFFFFFFFFFFFFFFFFFFFFFFFF6D
:10139000FFFFFFFFFFFFFFFFFFFFFFFFFFFFFFFF5D
:1013A000FFFFFFFFFFFFFFFFFFFFFFFFFFFFFFFF4D
:1013B000FFFFFFFFFFFFFFFFFFFFFFFFFFFFFFFF3D
:1013C000FFFFFFFFFFFFFFFFFFFFFFFFFFFFFFFF2D
:1013D000FFFFFFFFFFFFFFFFFFFFFFFFFFFFFFFF1D
:1013E000FFFFFFFFFFFFFFFFFFFFFFFFFFFFFFFF0D
:1013F000FFFFFFFFFFFFFFFFFFFFFFFFFFFFFFFFFD
:10140000814205D051F8043B40F8043B8242F9D8B0
:10141000704700BF044A05494FF0000342F8043BFF
:101420009142FBD8704700BFC0160020001F00206B
:101430002DE98848BFF34F8F00BF00BF00BF00BF3A
:1014400000F016F9674B0822C3F8542100BF00BF13
:1014500000BF00BF00BF00BF00BF00BF00BF00BF94
:1014600000BF00BF00BF00BF00BF00BF5E4A5F49B2
:101470005F48FFF7C5FF5F4A5F496048FFF7C0FF5D
:101480005F4CFFF7C7FF4FF470004FF0E0210023DF
:101490005C4AC1F8880D44F823200133B02BFAD1FF
:1014A000594B8021594A03F8011B9342FBD14FF05D
:1014B000E0254C4E4FF08039DFF880B1DFF880A195
:1014C0004FF0FF31C5F8084D0027C6F80491C6F863
:1014D00000B1C6F8F490C6F8F0A0D5F8243DDFF8C6
:1014E000648143F4E0234A4AC5F8243DD8F81C300F
:1014F00023F07F0343F04003C8F81C30D8F82430B1
:1015000023F07F0343F04003C8F824309166D1668E
:101510001167516700F0B4F83E4B3F49A3633F4B5E
:10152000E36363236B610323AF612B613C4BC5F81D
:10153000203DD5F8FC3D43F08073C5F8FC3D394BA8
:101540001A6842F001021A605B680B6000F020F933
:10155000C6F804913448C6F800B1C6F8F490C6F84D
:10156000F0A000F0BDFAD8F86C10304B304A41F4CE
:101570004051C8F86C101F60C3F80871C3F81871A7
:10158000C3F82871C3F83871936BDB0708D442F6AF
:101590001563284951651365936B43F00103936309
:1015A000234A254C936843F00113936000F054FAEA
:1015B00000F082FA00F01AF900F05CF82368132BAF
:1015C000FCD900F0ABF92368B3F5967FFBD300F0AC
:1015D00055F800F051F800F07BFA00F075FA30BFD2
:1015E000FDE700BF00800D4060860000FC1B00602E
:1015F00000000000C016002060A200600000002073
:1016000000140020CD0A000000E400E0A0E400E0A7
:1016100000C00A40ED1E00008C1E0020F11E0000DC
:1016200000002020001000E00046C32300400840D6
:1016300000400D400000C056901E00201B101820D6
:101640000C0D111300C00F40054B4FF42A01054A41
:1016500005485A641864054A99639546FFF7E8FE01
:1016600000C00A40AFAAAAAA070020000000072075
:10167000704700BF704700BF704700BF00BF704792
:1016800010B44FF0E023002110243148C3F8941D1A
:10169000C3F89C4D1124C3F8A00D2E48C3F89C4DEF
:1016A0001224C3F8A00D2C48C3F89C4D2B4AC3F854
:1016B000A00D2B4C42F015022A48C3F89C4DC3F8EC
:1016C000A00D294C2948C3F89C4DC3F8A00D284C07
:1016D000C3F89C2D2748284AC3F8A04DC3F89C0D99
:1016E000C3F8A02D02F5A022244C0C322448C3F8E4
:1016F0009C4DC3F8A02D234AC3F89C0D224CC3F87F
:10170000A02D02F14062C3F89C4D2048C3F8A02DE3
:101710000C32C3F89C0DC3F8A02D00BF00BF00BF62
:1017200000BF00BF0122C3F8942DBFF34F8FBFF35A
:101730006F8FC3F8501FBFF34F8FBFF36F8FD3F876
:10174000142D5DF8044B42F44032C3F8142D704759
:101750003F0000102500080709001000001F0020AE
:1017600013002000210002071400002025000813A8
:10177000090000101600202027000B13170000405E
:10178000180000602F000B07190000701A0000807D
:10179000F0B4154A40274FF480314FF480564FF48F
:1017A00000554FF4404443F24200136913F0020F16
:1017B0000ED113F4005F0FD013F4805F0ED0002B16
:1017C000F3DA13F4803F0BD15B060BD5F0BC704706
:1017D000946151619061E8E75561E6E75661E4E79D
:1017E0009161E2E75761E0E700800D403F4A032046
:1017F0003F49F3EE095AD2F880304FF0000C9FEDCC
:101800003D6A23F001039FED3C5A30B4C2F88030AA
:10181000C2F89000D1F8E010384DCBB2384C3948BE
:101820002B6007EE903A0B0DC1F30B21F8EEE77A2F
:1018300006EE903A07EE101A334BB8EEC77A2160E5
:10184000F8EEE66A314937EEC66A37EEC55A76EEEB
:10185000C76A77EEE57A26EE266AC3ED006A25EEC2
:10186000265AD2F8803067EEA64AC0ED007AC6EE5E
:10187000275A274885EE276AC4EEA76A75EE875A6D
:10188000FCEEE55A36EE076A15EE904ABCEEC66AE3
:1018900043EA045376EE877AC2F8803016EE103AA7
:1018A000D2F89041FCEEE77A01EA0341214317EEBA
:1018B000903AC2F89011C3F30B03D2F890110B4386
:1018C0001449C2F89031D2F8803043F00203C2F8D4
:1018D0008030114B80F840C0C1F840314FF0E02318
:1018E000012230BCC3F80821704700BF00810D40C1
:1018F00000441F400000AA420000B4427C1E0020A9
:10190000781E0020801E0020841E00200000FF0F93
:1019100000E400E000140020B50C0000314B40F65C
:10192000617210B5C3F8202140F2044400F0DCF8E5
:101930002D4A2E49D2F880302D4843F00303C2F8D7
:1019400080302C4BC1F8604102681A4203D1D1F8B3
:10195000A8319A071BD0254A4FF00041244B596308
:10196000D2F8403143F00203C2F84031D2F840319E
:101970009B07FBD44FF400304FF0E0211C4B4FF09D
:101980000042C1F88C0219209A6300F099F8184AB5
:101990004FF08040154C002190630A20164B1160D7
:1019A0004FF42072C4F8A801184600F095F84FF4DF
:1019B000800203464FF4810040F243111860C4F8DE
:1019C00058311A640D4B0E4AC4F84811C3F804226A
:1019D0004FF0E0224FF400310123C2F80C11C4F89B
:1019E000403110BD00800D4000C00F4000002E406F
:1019F00000900D40001C1E0000000020001400207C
:101A00009D0E000008B50E4B1B6E9B0700D4FBBE5D
:101A100072B60C4B00200C4AC3F8400103F160433E
:101A20000A49A3F55F2311649D46BFF34F8F4FF41E
:101A300000130748074ADB6902609B68984700BFAC
:101A400000441F4000002E4000C00A400300200058
:101A500000802020000012EB104BA020104AD96E0D
:101A600041F4403110B4D96640F23764D96E41F484
:101A70004071D96654649064936C1B06FCD4094A87
:101A800040F23761A02351649364936C13F0800398
:101A9000FBD1054A13705DF8044B704700C00F403E
:101AA00000400C4000800C40B51E0020F8B500BF7F
:101AB000F8BC08BC9E4670475FF800F07D2200002D
:101AC0005FF800F0B90700005FF800F0250900009A
:101AD0005FF800F0B12B00005FF800F00D2B000064
:101AE0005FF800F0111F00005FF800F00D16000015
:041AF00045000000AD
:101AF4001603550053004200200053006500720095
:101B0400690061006C000000180354006500650062
:101B14006E00730079006400750069006E006F0048
:101B24000403090409026200030100C032080B0027
:101B3400020202010009040000010202010005245E
:101B440000100105240101010424020605240600F5
:101B5400010705820310001009040100020A0000B5
:101B64000007050302400000070584024000000945
:101B740004020002FF6AFF0007058102400001071A
:101B8400050102400001000009026200030100C0D7
:101B940032080B00020202010009040000010202E3
:101BA400010005240010010524010101042402069A
:101BB400052406000107058203100005090401003D
:101BC400020A000000070503020002000705840260
:101BD4000002000904020002FF6AC700070581022F
:101BE4000002010705010200020100000A060002CA
:081BF400EF02014001000000B6
:101BFC0000000000000000000000000000000000D9
:101C0C0000000000000000000000000000000000C8
:101C1C000548064B1B1AD90F01EBA301491002D042
:101C2C00034B03B118477047C0160020C0160020A4
:101C3C000000000008B5054B1BB105490548AFF382
:101C4C000080BDE80840FFF7E3BF00BF00000000C4
:101C5C00281E002000C800600FB470B5114D82B072
:101C6C00284603F0A5FA40F2DE33984209D8044620
:101C7C0060B940F2E731284607AB069A019302F0AF
:101C8C00B9F902B0BDE8704004B0704740F2E736D5
:101C9C000234054A311A281803F0F8FA2819311BB6
:101CAC00EAE700BF401A0020700300202DE9F8433A
:101CBC00304D40F2EE28304C304FDFF8C8902E6893
:101CCC0001F07EFE2378002B46D03B78DA0743D513
:101CDC002B68D9F800209B1A0E2B3DD901F070FE11
:101CEC002378002BFAD03B78DB07F7D52B68D9F893
:101CFC0000209B1A0E2BF1D94FF0E025204B01212F
:101D0C000024D5F8FC2D0D2042F08072C5F8FC2D76
:101D1C001A680A431A605C6000F0C4FB2146072075
:101D2C0000F0C0FB0121042000F0BCFB01210520C8
:101D3C0000F0B8FB0620012100F0B4FB21460D2079
:101D4C0000F086FB0121052000F082FB012106201A
:101D5C00BDE8F84300F07CBB2B6822789B1B2AB1B2
:101D6C00B3F5FA6FBAD801F02BFEA9E74345FAD9BF
:101D7C00B4E700BF901E0020BD1E0020BC1E00203A
:101D8C00001000E0A01E0020174A53685B1AB3F540
:101D9C00967F10B4044604D253685B1AB3F5967F51
:101DAC00FAD3114B4FF480725868104B9CB9C3F89E
:101DBC0084200E4B40210C4AC3F8841053681B1A24
:101DCC00952BFBD90A4B4FF480623CB95DF8044B60
:101DDC00C3F884207047C3F88820EAE75DF8044B09
:101DEC00C3F88820704700BF001000E000C000421C
:101DFC0000400042144A10B453681B1AB3F5967F86
:101E0C00FAD3114A4FF48070104B5168C3F8880014
:101E1C0053685B1A952BFBD951684FF48064536857
:101E2C0041F64B520A485B1AC0F88840934204D8DA
:101E3C00054843685B1A9342FBD9044B40225DF87A
:101E4C00044BC3F888207047001000E000C000422B
:101E5C00004000422DE9F04FADF2546D62B601F036
:101E6C00C7FC78B972B600230293BE4C2378002BC2
:101E7C0040F03681029B002B40F047810DF2546DEF
:101E8C00BDE8F08F4FF400730A21B74807AA00F0A1
:101E9C0047FA002800F0B481002307AA0128135444
:101EAC0040F3E881A0F102088AAE0DF11E0128F082
:101EBC0001033046CC18537812F8021B9B0101F039
:101ECC003F01944203F4F86343EA010340F8043BF6
:101EDC00F1D1A64B08224FEA5808C3F8882072B6F5
:101EEC000F24002145F2475525FA04F0013C00F07F
:101EFC000100FFF749FF671C0146F5D1002741F2AD
:101F0C000109B2465AF8040B400020F4704040F02E
:101F1C000106C6F34604F2B2C6F303236240C6F3CD
:101F2C00422482EA9202634082EA9304634083EA89
:101F3C001213DC074FF0000448BF40EA09064AF8C8
:101F4C00046C26FA04F50134E84300F00100FFF7B5
:101F5C001BFF014605F00100FFF716FF102C014690
:101F6C00EFD1474507F1010301DA1F46CAE7012308
:101F7C000293FFF73FFF7E4D4FF000080123DFF87F
:101F8C00ECB1696847469A46C1460C464646CDF8C0
:101F9C000C80CDE904830B4696B91A1B019347F2CA
:101FAC002F5300929A4200F24F8101F021FC41F232
:101FBC008731009A019B8A4202D9002840F0448163
:101FCC006968C91A542900F2BA8055336A68D21A62
:101FDC00002AFBDB6B68DBF80820C2F34042032FBE
:101FEC0000F27181DFE807F0029C0D02012746BB6D
:101FFC001FFA88F045F24751884200F097809246CC
:10200C00CBE79245F2D1002E00F0F6800399013116
:10201C000229039102D1D20740F14281039A12F0B6
:10202C00010140F01781059A924500F01881049A3D
:10203C000AEB42020492039A202A524600F03581A0
:10204C000327B9F1000F6FD00DF5CA6101EB8901BF
:10205C00A1F22C41086848F27701014048F2700067
:10206C00814279D0B9F5807F5EDD214600243F4B5B
:10207C000822A3464FF0020C2746A046A14626464E
:10208C00C3F884200025AA46394847F22F524368EA
:10209C005B1A9342FBD9BCF1000F02D03548FFF715
:1020AC00DBFDBBF1000F05D03B46424631463248C2
:1020BC00FFF7D2FD1CB149463048FFF7CDFDBAF110
:1020CC00000F02D02E48FFF7C7FD002D3FF4CDAE18
:1020DC00244C2C48FFF7C0FD2378002B3FF4CAAEEC
:1020EC0062B60821284801F0EDFB204603F060F8A9
:1020FC000146204601F0E6FB1B4800F0F1F80023F6
:10210C002370029B002B3FF4B9AE06211F4801F04F
:10211C00D9FB15480DF2546DBDE8F04F00F0E0B856
:10212C00924508BF022762E7924635E769689246F6
:10213C0001264FF00008C91A54297FF646AFB04665
:10214C000A4B0E460822214600244FF0040BC3F81C
:10215C008420A446A14695E721468AAD002448F286
:10216C0007071AE0401A0020700B002000400042C4
:10217C00001000E0A0080020B40800200409002092
:10218C00200900202C0900203809002044090020D7
:10219C00B6F5004F75D1A14537D055F8043B013445
:1021AC00C3F34612C3F3071CC3F3073003EA070655
:1021BC008CEA020CC3F34632C3F3C00350408CEAE2
:1021CC009C0C80EA90008CEA000282EA1C1282EAE3
:1021DC00101202F001029342DAD000253B4B082288
:1021EC004FF0100A2C46AB46AC46A8462E462F465E
:1021FC00A946C3F8842047E702EB48080327F7E613
:10220C00324B0822C3F884202CE662B600258AAE35
:10221C00DFF8C0802E4F56F8044B0135C4F345202F
:10222C0040F0400001F038FBC4F3041040F04000D3
:10223C0001F032FB0021404601F044FB384600F02F
:10224C004FF8A945E7D110E62146B9F1000F3FF44C
:10225C000CAE82E752460327CDF814A0F1E60E46E9
:10226C001A4B21460824B346B4463746B046C3F849
:10227C00844007E7154A0821C2F8881072B6029309
:10228C0079E64FF0000A114B082220255446D3461C
:10229C00D446D04656465746D146C3F88420F3E67A
:1022AC000022032704920392CBE60DF5CA60049F2B
:1022BC00039100EB8900049109F10109A0F58560F7
:1022CC0007600327C0E6524691E600BF004000427B
:1022DC00700B0020A8030020084601F0DDBA00BFF7
:1022EC0000B5036883B040F60D2C022201A95B688F
:1022FC00ADF804C0984703B05DF804FB054B022809
:10230C0088BF034610B41C68184663685DF8044B1C
:10231C00184700BF700B002001F0AEBA01F046BAAE
:10232C002DE9F84F92B31746B3FA83F252096BB307
:10233C00B3F1010825D007EB080A8346894690467D
:10234C00174C184E25680BE001F096FA002810DAAD
:10235C0001F036FB2368DBF808205B1B93421AD292
:10236C00DBF800305B69B342EED058469847002842
:10237C00EEDB484505D007F8010BBA4508F101081A
:10238C00E0D1002340463B70BDE8F88F4FF00008C9
:10239C004046BDE8F88F01238BF80C30F1E700BF05
:1023AC00901E00202907000000B970472DE9F84F56
:1023BC0001218146214C224D224E54E8003F2A68CF
:1023CC00306844E80013002BF7D11F494B684FF4D9
:1023DC007A7BDFF878A01B1A01270BFB02F8DAF8DE
:1023EC000020A3FB02325A4594BF9044D84454E8D1
:1023FC00003F2A68306844E80073002BF7D14B6823
:10240C00DAF800C01B1A0BFB02F2A3FB0C3CBCF568
:10241C007A7F94BF624402F57A72A2EB0802B2F59D
:10242C007A7F06D3B9F1010908F57A78DFD1BDE8D6
:10243C00F88F01F0C5FA0449D9E700BF941E0020BB
:10244C00901E00208C1E0020001000E0881E002032
:10245C00272816D80201104B03EB00109B5810B420
:10246C00C2685C68144205D061B95DF8044BC3F8CE
:10247C0088207047836851B1084A5DF8044B1A6094
:10248C00704770475DF8044BC3F884207047044ACA
:10249C005DF8044B1A6070472006002038F00100EC
:1024AC0038300100272829D8164B0201012903EBEB
:1024BC0000109A5810B45368C4680ED004290CD07C
:1024CC0023EA040353608368A9B1022917D00329B6
:1024DC000CBF0D4A0D4A1A6007E0234301295360D3
:1024EC00836808D040F638021A60436815225DF8FC
:1024FC00044B1A60704738221A60F6E77047044A9A
:10250C001A60F2E720060020383001003800010084
:10251C0038F0010008B5FFF7C9FBFFF79BFC01F091
:10252C004FFAFAE7844641EA000313F003036DD136
:10253C00403A41D351F8043B40F8043B51F8043B7A
:10254C0040F8043B51F8043B40F8043B51F8043B81
:10255C0040F8043B51F8043B40F8043B51F8043B71
:10256C0040F8043B51F8043B40F8043B51F8043B61
:10257C0040F8043B51F8043B40F8043B51F8043B51
:10258C0040F8043B51F8043B40F8043B51F8043B41
:10259C0040F8043B51F8043B40F8043B51F8043B31
:1025AC0040F8043B51F8043B40F8043B51F8043B21
:1025BC0040F8043B403ABDD2303211D351F8043BC1
:1025CC0040F8043B51F8043B40F8043B51F8043B01
:1025DC0040F8043B51F8043B40F8043B103AEDD270
:1025EC000C3205D351F8043B40F8043B043AF9D2C1
:1025FC00043208D0D2071CBF11F8013B00F8013B94
:10260C0001D30B8803806046704700BF082A13D3A0
:10261C008B078DD010F003038AD0C3F10403D21AB8
:10262C00DB071CBF11F8013B00F8013B80D331F8EC
:10263C00023B20F8023B7BE7043AD9D3013A11F86C
:10264C00013B00F8013BF9D20B7803704B784370D7
:10265C008B7883706046704701F1FF3C70B566461D
:10266C00002400E00134B0FBF2F502FB1503092B4A
:10267C0003F1370E03F130035FFA8EFE98BF5FFA59
:10268C0083FE9042284606F801EFEBD2631C002231
:10269C00C818CA547CB162461CF8015F10F8016D71
:1026AC00A1EB0C0302328CF80060013B521A05704E
:1026BC0023449A42EFDB084670BD00BF72B6EFF3BD
:1026CC000583524CC4F884301EF0040F0CBFEFF39A
:1026DC000882EFF309824FF0E0234D4E4D4DD3F8B5
:1026EC00280DD3F82C1DC4E92201D3F8341DD3F8DE
:1026FC00383DC4E924139369C4F89830D369C4F8FD
:10270C009C3000F0D1F884ED280A01F029FC0B2153
:10271C004FF0FF32C4F8A4000B46C4F880103E49B9
:10272C00301D5A40202402F00103013C01FB03F34D
:10273C0083EA5202F7D1A84202D073680646EFE74B
:10274C00324BC3F8A820BFF34F8F4FF0E023304932
:10275C00324AC3F8701FC3F8702FBFF34F8FBFF30B
:10276C006F8F2F4A02252F48D36E2F4943F44053C5
:10277C00D3660560D3692D4823F07F0343F04003F3
:10278C00D3610B6883423DD8264D00214FF0E023E6
:10279C004FF0FF3229600126C5F808112449C5F80D
:1027AC000011C5F80861C3F88021C3F88421C3F86F
:1027BC008821C3F88C21C3F8902101E000F066F960
:1027CC00D5F80C31002BF9D00134C5F80C614F2C25
:1027DC00F4D9184B022018494FF00042C1F84001BF
:1027EC005A63D5F80C313BB9144815490D4A0163AD
:1027FC00D2F80C31002BFAD04FF0E023114AC3F879
:10280C000C2DFEE701F07CF9BEE700BF00FF27208E
:10281C0080FF2720A8FF27202083B8EDA0FF2720CA
:10282C0000C00F40004008406C0B0020803DCD0BD9
:10283C00009F240000900D4000002E4000800F40AF
:10284C00F100AD0B0400FA050A490A6838B108B565
:10285C0013180948834204D810460B6008BD104673
:10286C00704701F0C1FB0C234FF0FF3203601046A0
:10287C0008BD00BF800B00200000282000207047FE
:10288C004FF0FF30704700BF4FF4005300204B60F7
:10289C00704700BF012070474FF0FF30704700BFFA
:1028AC0030BFFDE7FFF70ABF124AD2F880305B0752
:1028BC00FBD5D2F880301048C3F30B230F4990EDB1
:1028CC00007A07EE903A91ED006AB8EE477A0C4A1E
:1028DC00F8EEE77A0B4BD2ED006A77EEC77A93ED00
:1028EC00007AB8EE477A67EE867A87EEA60A37EE5C
:1028FC00400A704700810D40781E0020801E002089
:10290C00841E00207C1E0020836BF0B41BB1536826
:10291C0043F40043536072B6446B3CB31A4B2260D1
:10292C00D3F8B0410C421DD1184E776804E074689E
:10293C00E41BB4F5166F0BD2D3F8404144F4804439
:10294C00C3F84041D3F8B851D3F840416404EED5F4
:10295C000D4007D10C4CC0E90225D4F8B0310B4323
:10296C00C4F8B031426362B6F0BC7047064DC0E9A2
:10297C000224D5F8B0310B43C5F8B0310263426381
:10298C0062B6F0BC704700BF00002E40001000E0A3
:10299C0070B5056B9DB106462A46002403E012680B
:1029AC000134012A0CD0536813F08003F7D0326342
:1029BC002CB12846B36B2D689847013CF9D170BDFA
:1029CC00C6E90C33F4E700BF30B4D9B91F4C204B27
:1029DC000021204A01254FF0011099601D60C4E9C7
:1029EC00023180245C60C2F8BC01D2F8B0311A48C4
:1029FC002B43C2F8B0310160D2F8B031002BFBD1BF
:102A0C0030BC70470904154B104C012541F0800176
:102A1C009860104A596000F580511D60D96000F52E
:102A2C000051A364196100F5405100F580405961D3
:102A3C0000219861E164D2F8B03143F48033C2F8DC
:102A4C00B031D2F8B031002BFBD1C0E70000002030
:102A5C00C016002000002E40341A0020E016002082
:102A6C00084901220B7802FA00F023EA00000870F2
:102A7C0030B9054AD2F8483123F08003C2F8483106
:102A8C00704700BFB81E002000002E402DE9F04F0B
:102A9C00974C83B0D4F84471FB07C4F8447153D5F8
:102AAC00D4F8AC21002A4AD0924EDFF860A2DFF8AD
:102ABC007492DFF874B2DFF87482C4F8AC21D6E9F2
:102ACC000A20D4F8403143F40053C4F84031D4F810
:102ADC0040319D04F5D5D4F8403123F40053C4F8AB
:102AEC0040314FF00113C4F8B431D4F8B45115F09F
:102AFC000115FAD193B28446CAF80050B3F5086FA9
:102B0C0000F0CF8100F2DB8040F202318B4200F00A
:102B1C00E78100F29A80822B00F0CB81B3F5817FA4
:102B2C0040F08A8010F0780F83B200F003824FF0EF
:102B3C000113C4F8C031D4F8AC21002ABDD16C4AC1
:102B4C00D2F8BC31002B42D17E0616D5684BD3F897
:102B5C00AC21C3F8AC21D3F8BC21C3F8BC21D3F809
:102B6C00B041002CFBD14FF0FF32C3F8B421D3F8A5
:102B7C00843100F029FD604B1C60FC0103D55F4BD8
:102B8C001B6803B19847B80103D55D4B1B6803B1B3
:102B9C009847790708D5564BD3F8843113F4007352
:102BAC0047D0584B01221A70514BD3F848311A06B2
:102BBC000AD53B0608D5544A13782BB1013BDBB23E
:102BCC001370002B00F0728203B0BDE8F08F4F49F8
:102BDC00C2F8BC310868034240F0D181464A1468FF
:102BEC001C40B1D05FEA144810D0424E4FF001099E
:102BFC0098FAA8F5B5FA85F506EBC51009FA05F5AE
:102C0C004030FFF7C5FE38EA0508F1D1A4B2002C1C
:102C1C009AD0384E4FF0010894FAA4F5B5FA85F520
:102C2C0006EBC51008FA05F5FFF7B2FEAC43F3D17D
:102C3C008AE7344A1370B7E7802B7FF478AF3448B7
:102C4C0002210580FFF7C0FE75E7B3F5A06F00F019
:102C5C000B81A3F5D063012B3FF669AF2D4B5D685B
:102C6C00002D3FF464AF1FFA8CFC4FEA124E04E0C7
:102C7C001D690C33002D3FF45AAF1A887245F7D1F9
:102C8C005A886245F4D14FEA1E22032A00F0A5812E
:102C9C001A89000C824228BF0246BEF5007F40F024
:102CAC00A181184B1C4918781C4B0192002818BFA5
:102CBC0019461B48FFF736FC194D019AE1E142F227
:102CCC0021218B427CD033D942F221318B4200F04E
:102CDC0081804FF6C0018B427FF429AF10F47F4FF7
:102CEC0083B27FF424AF43F46E4363F30F0CB5E768
:102CFC0000002E4000000020381A0020A41E0020E6
:102D0C00A81E0020BE1E0020BF1E0020341A00206A
:102D1C00401E0020A0090020281B00608C1B0060B6
:102D2C00000020202C1A00205DCFC6B8C0012E4018
:102D3C00B3F5106F66D042F221018B427FF4F7AEEF
:102D4C00030C072B7FF4F3AEB24BB349F560D9609B
:102D5C00B249B360C3F80890C1E9002001221A609F
:102D6C00AF4A5A60AF4A1A61D4F8B01141F0010170
:102D7C00C4F8B01102F5805102F5005259619A6104
:102D8C00D4F8B031002BFBD1A74AF3649360012334
:102D9C00B264136048F2800353604FF00113C4F81F
:102DAC00BC31D4F8B03143F48033C4F8B0314FF4B3
:102DBC008033CAF80030D4F8B031002BFBD1BAE61E
:102DCC0080B238B9994BC2F307421968984B196015
:102DDC00984B1A70944B00229A60F2640122B364EF
:102DEC001A6080225A604FF00113C4F8BC31D4F839
:102DFC00B03143F48033C4F8B031D4F8B031002B87
:102E0C00FBD198E6C2F307428B4B1A708B4BC4F87C
:102E1C00C8318B4BC4F8CC318A4BC4F8D03100F09C
:102E2C00D5FB80222946884801F068FC874B80221C
:102E3C00C6F8A0B0C6F8E0307B4BF5645A600122AE
:102E4C00B3649D601A604FF00113C4F8BC31D4F820
:102E5C00B03143F48033C4F8B031CAF80050D4F820
:102E6C00B031002BFBD166E66F4B0121F564196084
:102E7C0080219D60B36459604FF00113C4F8BC31DC
:102E8C00D4F8B03143F48033C4F8B031D4F8B03155
:102E9C00002BFBD1130C5B0643F08073C4F8543148
:102EAC0049E6654B01216A481B780370FFF78CFDDE
:102EBC0041E683B210F078007FF439AE03F07F0264
:102ECC0058F82210624A1080180600F19E80CB0739
:102EDC0001D50123137002215D48FFF775FD2AE629
:102EEC0010F0780F83B27FF422AE03F07F0213F060
:102EFC00800F58F8223014BF43F4803343F00103A1
:102F0C0048F822300022484BF2649A600122B364E4
:102F1C001A6080225A604FF00113C4F8BC31D4F807
:102F2C00B03143F48033C4F8B031D4F8B031002B55
:102F3C00FBD100E603F07F0213F0800F58F822302B
:102F4C0014BF23F4803323F0010348F8223000220D
:102F5C00354BF2649A600122B3641A6080225A6085
:102F6C004FF00113C4F8BC31D4F8B03143F48033C2
:102F7C00C4F8B031D4F8B031002BFBD1DBE5002024
:102F8C00086026490C88486842F221018C427FF483
:102F9C0025AE80B200287FF421AE2E492E4C03C9F9
:102FAC00A18086284FEA11412060A1717FF416AEF2
:102FBC0072B62A48017841F008010170D2F8481124
:102FCC000D0605D480200143C2F84401C2F8481113
:102FDC0062B6234A5021117000E6000C2A78824216
:102FEC0028BF0246BEF5E06F44D11E4B1E4D18782B
:102FFC001E491F4B0192002818BF19462846FFF79F
:10300C0091FA07236B70019A3BE0C9033FF561AF5E
:10301C0061E700BFE01600202C2A00208018002059
:10302C00800007002C3A0020C0160020901E0020C3
:10303C00A01E0020BC1E0020BD1E00200200CC00E3
:10304C00C80002000200C800800000201993D5744B
:10305C00401E00202C1A0020981E0020B81E0020B4
:10306C00BF1E0020BE1E0020000020208C1B006014
:10307C00281B00602946104D01922846FFF752FA92
:10308C00019A25F01F031544BFF34F8F4FF0E02139
:10309C00C1F8703F20339D42FAD8BFF34F8FBFF376
:1030AC006F8F05481146FFF78FFC44E50320FFF7AF
:1030BC00D7FC07F0C5F800BF000020202DE9F04731
:1030CC001F46831E022B01D9BDE8F087DFF84C9018
:1030DC0015460C463C2209EBC01806464FEAC01AAE
:1030EC00002108F10400240401F008FBB5FA85F274
:1030FC000123520944EA427449F80A40C8F838706E
:10310C00C8F80830002FDFD0034AB34011680B43D6
:10311C001360BDE8F08700BF381A002000000020C3
:10312C002DE9F0470D46811E022901D9BDE8F08733
:10313C00C701DFF84C909246044640373C220021F0
:10314C001E4609EB07082D0408F1040001F0D6FA1D
:10315C00BAFA8AF2520945EA427249F8072001226A
:10316C00C8F83860C8F80820002EDFD0034B1034A4
:10317C001968A2400A431A60BDE8F087381A00208B
:10318C000000002012048160C36101F5405342F03D
:10319C00800210B40124426001F50052046001F574
:1031AC00805401F58041C46081615DF8044BC0E935
:1031BC0004237047831E0A46022B00D97047064B26
:1031CC0000F110014FF0010C03EBC0100CFA01F1EF
:1031DC004030FFF799BB00BF00000020831E0A4659
:1031EC00022B00D970470121024B814003EBC01028
:1031FC00FFF78ABB0000002040687047124A134B4F
:10320C00D2F8200220F07F40984210B584B002D250
:10321C0000EB800040000E4C01A90A22FFF71CFABB
:10322C0001A90023204611F8012B01333AB10A2BD6
:10323C0020F8022FF7D11623237004B010BD5B00C9
:10324C00DBB2237004B010BD00441F408096980080
:10325C006011002000F0D8BA00F0CABA00F066BBCA
:10326C0000F03CBB0846114600F02CBBF8B5144CE2
:10327C004FF0E025134E4FF4003204EB4024124F74
:10328C0006EB40160346C5F88C2121463A88304699
:10329C00FFF778FF3B882344BFF34F8FC5F85C4F93
:1032AC002034A342FAD8BFF34F8FBFF36F8F0320A4
:1032BC003146FFF793FF4FF40033C5F80C31F8BDDE
:1032CC008000202000170020AC1E0020244B2DE98C
:1032DC00F0411C884368C569C3F30E43E41A002C03
:1032EC0024DD204920480A780078D3B21F4E824250
:1032FC001F4807D010F8038036F81870C7F5007215
:10330C00944218D90133002226F81540082B194E87
:10331C0088BF134626F8152098BFDAB2C554164B51
:10332C000A701A6814441C60BDE8F0812846BDE898
:10333C00F041FFF79BBF07EB48201049224627447A
:10334C00084401EB4521FFF7EDF80B4A284626F817
:10335C00187013682344BDE8F0411360FFF786BF73
:10336C00AC1E0020B61E0020B71E00204C1E0020F4
:10337C006C1E00205C1E0020481E002080002020B7
:10338C001D4B1A78002A36D102F0FF031B4A127823
:10339C008AB32DE9F0411A4D2A8852B3194EC2F561
:1033AC000068194F3278194C07EB421704EBC22412
:1033BC00424638462146FFF7E5FE04EB0802BFF310
:1033CC004F8F4FF0E023C3F8704F2034A242FAD84D
:1033DC00BFF34F8FBFF36F8F04203946FFF7EAFE20
:1033EC0033780133DBB2032B88BF00233370002307
:1033FC002B80BDE8F0817047BB1E0020BD1E002055
:10340C00AE1E0020BA1E00200018002080102020C4
:10341C002DE9F04F85B0CDE90110002900F0BF80F7
:10342C000023604CDFF89881DFF898A15E4F009381
:10343C0001235E4A23705E4B1978B8F8003002EB1A
:10344C004119002B40F0A7801E461D469B4648465E
:10345C00FFF7D2FE10F0800000F08C80BFF34F8F8E
:10346C009AF8003084F800B005B93E68002B7DD185
:10347C003B689B1B782B00F287804E4B1B78002BF4
:10348C0074D000F09DFA0122B8F800301546227075
:10349C00002BDCD0464AC3F5006011781A4600EBCD
:1034AC00C120454DC9022844019D954217D2039372
:1034BC00DDE901512A46FFF735F8039B4FF04042F6
:1034CC005B1BA8F800303D4BC3F88420BFF34F8F33
:1034DC00009800232844237005B0BDE8F08F364BCC
:1034EC00CD180299FFF71EF800234FF4006229460D
:1034FC004846FFF747FEBFF34F8F05F1200205F555
:10350C000063934234BF012340234FF0E02205EBCC
:10351C004313C2F8705F2035AB42FAD1BFF34F8F23
:10352C00BFF36F8F04204946FFF744FE204A1378FF
:10353C000133DBB2032B84BF00231D4A1370B8F890
:10354C000030019AD11A009A1A4401910092029A01
:10355C001A4400230292194AA8F80030C2F88430A9
:10356C00BFF34F8F237000297FF462AF009805B032
:10357C00BDE8F08F4FF400620D4B8AF8000019780B
:10358C001346A8F800208AE7012300988AF8003037
:10359C0005B0BDE8F08F1A46C3F500607FE70198CF
:1035AC00E5E700BFBB1E0020901E00200018002085
:1035BC00BA1E0020BD1E00208010202000002E40CE
:1035CC00AE1E0020B91E0020704700BF2D4B0021FD
:1035DC0080222D4870B51B7800242C4D8B422C4E2C
:1035EC000CBF40234FF400732B80338001F086F81E
:1035FC00284A2146284B14704FF4807227481C80AF
:10360C0001F07CF8264A1021264B0220C2E9004426
:10361C00C2E90244244AC3E900441470234AC3E9B2
:10362C000244234B1C70234614602246FFF778FD9E
:10363C002246318803201F4BFFF740FD2346012211
:10364C0029880420FFF76CFD20460134FFF70EFE9D
:10365C00082CF9D1184B00214A221848184C046048
:10366C00C3F88410C3F88020D3F84821154942F0E0
:10367C008072C3F8482121B1134A137843F0010337
:10368C00137070BDBE1E002000180020B01E00205C
:10369C00AC1E0020BA1E0020AE1E00200017002019
:1036AC004C1E00205C1E0020B61E0020481E002070
:1036BC00B71E0020DD16000000002E40A41E0020C6
:1036CC009117000000000000C01E00202DE9F04FF3
:1036DC004FF0E0234FF40032DFF8C8A083B0C3F8FA
:1036EC008C218B469AF8004000294FD08046E4B2DA
:1036FC000027DFF8B490264BABEB070225491B786B
:10370C00A34204F101043FD0092C234B404628BFAF
:10371C0000241E5D39F816C00CEB462319441F4BD0
:10372C0033F81650A5EB0C05AA421CD20CEB462C18
:10373C0018491B4C61440192FEF7F4FE216839F8DC
:10374C0016505846019AA1EB0B012A44394429F82A
:10375C00162021604FF0E0234FF40032C3F80C2107
:10376C0003B0BDE8F08F2A462F44FEF7DBFE0C4970
:10377C00E3B230460A68A844521B0A608AF800304B
:10378C00FFF774FDBB45B6D83846E3E70846E1E7DA
:10379C00B61E0020800020206C1E00204C1E002035
:1037AC00481E0020B71E00205C1E00200B4B0C4A4C
:1037BC0012781978D3B28A420DD0013309480A4ADB
:1037CC00092B0A4928BF0023C35C31F8131002EB04
:1037DC004323585C70474FF0FF307047B61E0020F3
:1037EC00B71E00206C1E0020800020205C1E0020D4
:1037FC00044B10B51C680CB1204610BD00F0E0F86D
:10380C00204610BD481E00202DE9F84F144E154DD2
:10381C0033782A78934221D0DCB2DFF85090DFF86D
:10382C0050B0DFF85080104F0134082C5FFA84FA46
:10383C0001D90024A24619F80400DBF8003038F84E
:10384C00102037F81010521A9B1ACBF80030FFF7E3
:10385C000DFD86F800A02B78A342E5D1BDE8F88FCA
:10386C00B71E0020B61E00205C1E00206C1E00201F
:10387C00481E00204C1E002000B583B001210DF124
:10388C000700FFF723FF20B19DF8070003B05DF898
:10389C0004FB4FF0FF30F9E7094B00B583B01B7800
:1038AC008DF807003BB101210DF10700FFF7B0FDCA
:1038BC0003B05DF804FB03F0FF0003B05DF804FBFC
:1038CC00BD1E0020044B1B7803F0FF020BB1FFF769
:1038DC009FBD1046704700BFBD1E00202DE9F04172
:1038EC000024DFF8448001230D4D27460D4E88F847
:1038FC000030337828462035A34204F1010405D06A
:10390C00FFF77AFC030658BF07F50067042CF0D1CB
:10391C00BFF34F8F0023384688F80030BDE8F081A4
:10392C0000180020BA1E0020BB1E00202DE9F84311
:10393C001D4B1B7813B11D4D2A880AB9BDE8F883BD
:10394C001B4EC2F500691B4933784A461A4C01EBF1
:10395C0043181A4F04EBC324012340463B70214605
:10396C000023FFF70FFC04EB0902BFF34F8F4FF05E
:10397C00E023C3F8704F2034A242FAD8BFF34F8F24
:10398C00BFF36F8F04204146FFF714FC33780133EB
:10399C00DBB2032B88BF0023337000232B80BFF3D3
:1039AC004F8F3B70BDE8F883BD1E0020AE1E00207B
:1039BC00BA1E00200018002080102020BB1E002002
:1039CC002DE9F8432D4B1E7866B12D4F3B784BB942
:1039DC000123F1073B7043D4B20726D400233B707C
:1039EC00730701D4BDE8F883264B1A68002AF9D076
:1039FC00EFF30582002AF5D1EFF3108572B6186843
:103A0C00002834D0204C2178002930D1012222709A
:103A1C0042691A60002A2ED0916105B962B6002560
:103A2C008368457798472570DCE7DFF8648098F861
:103A3C000030002BD2D00025DFF858902B4659F8D7
:103A4C0023400135236820461B69984710B16369F0
:103A5C009B68984798F80020EBB29A42EFD8BDE7E4
:103A6C00FFF7C6FE0028B7D0AFF30080B4E7002DF7
:103A7C00B8D162B6B6E7054B1A60CEE7C01E00207F
:103A8C00B41E002088180020B21E002094180020BC
:103A9C00B31E00209818002070B5EFF3108272B698
:103AAC000C4C206880B10C4E00254369236073B127
:103ABC009D6102B962B6836845779847EFF310822F
:103ACC0072B620680028F0D102B962B670BD3360BE
:103ADC00EFE700BF901800208C180020FFF7DCBF28
:103AEC000449054A4968054B196013680133136092
:103AFC00704700BF001000E0901E00208C1E0020BC
:103B0C00A249A34B88422DE9F047A24C5E699A6901
:103B1C00D4F80C801BD9A04B984240F20281C31AF6
:103B2C009E491B0AA1FB031340F22761DB0903EB3F
:103B3C00830303EB830303F2E2438B4228BF0B4660
:103B4C00A3F54877964BA3FB0737FF0804E0954F86
:103B5C00B8428CBF0E2706278D4908F01F09D1F8F3
:103B6C008030B94543F0C003C1F880300CD228F046
:103B7C001F08A1F5F82148EA0708C1F80C800B686A
:103B8C00002BFCDA08F01F0916F0007324D18649CB
:103B9C000C698649A14300F0EA8082F480513446D6
:103BAC004FF4805514F0605F04D026F060561E432D
:103BBC00774B5E6111F4405F07D022F44052744998
:103BCC002A438A618B6C1A07FCD446F00076704A43
:103BDC005661936C9B06FCD4754CA04200F2CE80CF
:103BEC004FF0010C0146634603FB011203F1010E79
:103BFC000CF10105A24218D8BEF1080F4FF00103D9
:103C0C0040F08D80BCF1040F00F291800A18A242A2
:103C1C0000F2A48005FB00F1AC4603F1010E03FB9E
:103C2C0001120CF10105A242E6D90CF1FF318C0214
:103C3C0086EA81215F4810445F4A90427FD9DFF8C1
:103C4C00A4A16C225D48584DB0FBFEF0D5F800E005
:103C5C00B0FBFCF0DFF890C10EEA0C0CD44509D097
:103C6C0042F400524FF4805CC5F800C02A602A6808
:103C7C00002AFCDA464A156905F007059D4203D077
:103C8C001361936CDD03FCD411F4E05F09D026F4CE
:103C9C00E05604F4E0543E4A26435661936C99076F
:103CAC00FCD44749474A014491423CD8464BC90988
:103CBC00A3FB0131090B4B1E1B0286EA030212F413
:103CCC00407F06D026F4407603F44073304A3343E9
:103CDC0053612F4A536923F000735361936C9B0615
:103CEC00FCD43A4B4F45A3FB00234FF0FF324FEA75
:103CFC009343B0FBF1F1B2FBF3F3354A1060354A54
:103D0C001160354A136008D228F01F08214A48EA8E
:103D1C000707D7601368002BFCDABDE8F087734601
:103D2C0062E7122718E74FF440730421C5E70CF142
:103D3C00FF31204807238C02104486EA8121274A50
:103D4C00DFF8A8A0A2FB0020020D2548362A38BFB8
:103D5C00362202FB00F042EA0A0A74E74FEA8C248E
:103D6C00002386EA8C214FF0010EAC4662E71D461B
:103D7C0086F0C05411464FF0C05313E700244FF0A7
:103D8C00010C024631462346E64653E700A4781F51
:103D9C0000C00F40000008400046C32323B24C0073
:103DAC001F85EB5100366E0100800D4040300080C5
:103DBC00FFB19F26808D5B00FF7EF64D00643F4D6A
:103DCC007FD1F0087F17B42C9F10E50083DE1B43D6
:103DDC006C0B0020680B0020881E0020819F5E1653
:103DEC00001BB7006C2000807F3001800020008019
:103DFC0000230F2248F2B82C194610B54FF470442A
:103E0C004FF4806EA0F88C414FF46044A0F88E21E2
:103E1C000A46A0F89031B0F888319BB243F0F00319
:103E2C00A0F8883101EB4103013100EB4313042965
:103E3C009C80A3F806E05A841A865A805A81A3F80B
:103E4C000EC05A82DA825A83DA83EBD1B0F8883109
:103E5C009BB243F00F03A0F88831B0F888319BB2C5
:103E6C0043F47063A0F8883110BD00BF374B384A5B
:103E7C00996F384841F47F0170B5996741F201069A
:103E8C00D3F8801045F6C05543F226040A43C3F814
:103E9C008020FFF7ADFF00F58040FFF7A9FF00F58C
:103EAC008040FFF7A5FF00F58040FFF7A1FF00223F
:103EBC00A0F503104FF00F0E114600EB42134FEA22
:103ECC00421C01329981042A5981A3F80EE09E828A
:103EDC00DD8020F80C1019829C81EED100221E4846
:103EEC004FF00F0E41F20106114645F6C05543F254
:103EFC00260400EB42134FEA421C01329981042A3A
:103F0C005981A3F80EE09E82DD8020F80C101982F6
:103F1C009C81EED1002211480F2641F20105114679
:103F2C0045F6C05443F2260E00EB42134FEA421CF6
:103F3C0001329981042A5981DE819D82DC8020F82E
:103F4C000C101982A3F80CE0EED170BD00C00F402C
:103F5C00000003FC00C03D4000001E4000401E401D
:103F6C00074A506A936A19468446506A936A994282
:103F7C00F9D18445F7D1DB0B43EA4040704700BFD1
:103F8C0000400D4040EA01039B0730B501D1032AE4
:103F9C000FD8844601F1FF3E07E01EF8011F03F81D
:103FAC00011B541EC1B19C4622466346002AF4D123
:103FBC0030BD0B468446194653F8045BA5F1013419
:103FCC0024EA050414F0803FE4D1043A032A4CF8A7
:103FDC00045B1946EFD8DDE79444002CE8D003F8D5
:103FEC00011B6345FBD130BD014B1868704700BF06
:103FFC000C11002010B51A4C002924689AB02ADB49
:10400C00009004904FF40270ADF80C0013D00139FD
:10401C004FF6FF7002910591ADF80E0069462046EF
:10402C0001F06EFD421C01DA8B232360009B002201
:10403C001A701AB010BD4FF6FF7002910591ADF8D1
:10404C000E006946204601F05BFD431C01DA8B2310
:10405C0023601AB010BD8B2323604FF0FF30F8E7BC
:10406C000C1100202DE9F04F01F10B06162E83B038
:10407C00044624D8102900F2BA8000F0C3FB1026A5
:10408C0018220220B54F3A44A2F1080153688B4222
:10409C0000F0BA805A68D96822F003021A449D686D
:1040AC00E9608D60516841F001012046516003F1D7
:1040BC00080500F0ADFB284603B0BDE8F08F36F0E4
:1040CC00070600F19480B14200F2918000F09AFB57
:1040DC00B6F5FC7FC0F09A81730A00F08F80042B38
:1040EC0000F26F81B30903F1390003F1380CC300FE
:1040FC009A4F3B44A3F108055B689D4206D10CE046
:10410C00002980F22781DB689D4206D05A6822F094
:10411C000302911B0F29F3DD60463D69DFF850C2A5
:10412C0065457CD06A6822F00302931B0F2B00F3C9
:10413C007B81002BC7E904CC80F26C81B2F5007F47
:10414C0080F01A81D308796801334FEA521E01229C
:10415C0002FA0EF20A4357F833E0C5F808E007EB11
:10416C00C3010839E9607A6047F83350CEF80C5037
:10417C00831001219940914257D8114206D120F069
:10418C0003004900114200F10400FAD007EBC0090A
:10419C004D468646D5F80C80454508D11DE1002BCF
:1041AC0080F22481D8F80C80454500F01681D8F8AF
:1041BC00042022F00302931B0F2BF0DD2046D8E9DC
:1041CC00025408EB060146F00106C8F80460EC60E6
:1041DC00A56043F00104C7E90411C1E902CC4C60AD
:1041EC0048F8023000F014FB08F1080502E00C233B
:1041FC0023600025284603B0BDE8F08F4FF4007310
:10420C0040204FF03F0C73E7D3689A4208BF02304E
:10421C007FF440AF3D69DFF858C1654582D17A68BB
:10422C008310012199409142A7D9BD686B6823F096
:10423C0003094E4503D8A9EB06030F2B7ADCDFF8F4
:10424C0034B1474BDBF800201B680132334405EBDB
:10425C00090A00F0338103F580530F3323F47F6890
:10426C0028F00F084146204601F0FEFB411C024697
:10427C0000F0F380824500F2EE803A4B196841441D
:10428C001960084600F04E81DBF8001001930131F3
:10429C001BBFA2EB0A010918CBF80020196012F021
:1042AC00070B00F01781CBF108010A44CBF58051C4
:1042BC0090440831A1EB0801C1F30B0A514620468A
:1042CC00009201F0D1FB421CDDE9002300F04F818C
:1042DC00801A00EB0A081968BA6048F001005144D2
:1042EC00BD425060196000F02981B9F10F0F40F206
:1042FC0027816868A9F10C0C2CF0070C00F0010068
:10430C0040EA0C0068604FF0050E05EB0C00BCF1A8
:10431C000F0FC0E901EE00F2328150681546124BC6
:10432C001A688A4238BF1960104B1A688A4238BF23
:10433C00196094E0AA1943F0010346F001066E607F
:10434C002046BA60536000F063FA0835284603B083
:10435C00BDE8F08FD9681A44A1E600BFF00C00202C
:10436C00EC180020BC180020E4180020E8180020ED
:10437C00F80C0020F8100020B2F5206F4FEA522301
:10438C0063D3142B00F2B78003F15C01C9005B33DB
:10439C0007EB010E7958AEF1080E8E4500F09180B6
:1043AC004B6823F00303934202D989688E45F7D1F9
:1043BC00D1F80CE07A68C5E9021ECEF80850CD6041
:1043CC00D6E6142B59D9542B00F29D80330B03F1F4
:1043DC006F0003F16E0CC3008AE60EF1010E1EF0A5
:1043EC00030F05F108057FF4D5AE51E04244454674
:1043FC005368D8F80C1043F00103536055F8083F8C
:10440C002046D9608B6000F003FAF3E6F00806F161
:10441C00080237E62A442046536843F001035360F0
:10442C00083500F0F5F9E5E6A919204646F0010635
:10443C0043F001046E60C7E90411C1E902CC4C6081
:10444C00AB5000F0E5F90835D4E6930903F13901D6
:10445C00C90038339CE7BD425FD0BD68686820F066
:10446C0003084645A8EB060302D80F2B3FF762AFB3
:10447C00204600F0CDF90025BCE603F15C0003F109
:10448C005B0CC30034E659F808394B4540F0968074
:10449C0010F0030F00F1FF30F5D17B6823EA010324
:1044AC007B60490099423FF6C0AE19B9BDE64900A0
:1044BC000EF1040E1942FAD0704667E603F11008AB
:1044CC00D0E69A104FF001087B6808FA02F21A4302
:1044DC007A6070E702EB08014942C1F30B0A5146BE
:1044EC002046009201F0C0FA431CDDE900237FF462
:1044FC00EFAEDA46EFE6542B25D8130B03F16F0120
:10450C00C9006E3344E7B3F5AA7F25D8F30B03F14A
:10451C00780003F1770CC300EAE5294B1868404496
:10452C001860B1E6CAF30B0CBCF1000F7FF4ACAE13
:10453C00BD68C84448F001006860F0E61546EEE638
:10454C000123536094E7B3F5AA7F23D8D30B03F16F
:10455C007801C90077331BE740F25452934223D8B9
:10456C00B30C03F17D0003F17C0CC300C0E5ABF18F
:10457C00080BD844A8EB02084FF0000AABE605F193
:10458C0008012046009301F001F9BD68009B6868A2
:10459C001968C4E640F254518B420BD8930C03F1CA
:1045AC007D01C9007C33F3E64FF47E737F204FF01E
:1045BC007E0C9DE54FF47E717E23E9E67B6870E707
:1045CC00BC18002088420DD98B1883420AD900EB05
:1045DC00020CBAB1624613F801CD02F801CD994232
:1045EC00F9D170470F2A0ED8034602F1FF3C4AB1AD
:1045FC000CF1010C013B8C4411F8012B03F8012F39
:10460C006145F9D1704740EA01039B0750D1A2F1F3
:10461C00100370B501F1200C23F00F0501F1100E01
:10462C0000F11004AC441B095EF8105C44F8105CFB
:10463C005EF80C5C44F80C5C5EF8085C44F8085CB2
:10464C005EF8045C44F8045C0EF1100EE64504F1CF
:10465C001004E9D1013312F00C0F01EB031102F03D
:10466C000F0400EB031327D0043C24F003064FEA9D
:10467C00940C1E441C1F8E465EF8045B44F8045FC9
:10468C00B442F9D10CF1010402F0030203EB8403F0
:10469C0001EB840102F1FF3C4AB10CF1010C013B2E
:1046AC008C4411F8012B03F8012F6145F9D170BD31
:1046BC0002F1FF3C03469BE72246EBE700B50B4CAF
:1046CC0025681446EE681A4685B003460D464CB173
:1046DC0007490095CDE901143046064901F05CF913
:1046EC00FEF7DEF804490C46F3E700BF0C1100207E
:1046FC009C030020AC030020A8030020830730B5E6
:10470C0048D0541E002A3FD0CAB2034601E0013CF7
:10471C003AD303F8012B9D07F9D1032C2DD9CDB237
:10472C0045EA05250F2C45EA054536D9A4F11002BA
:10473C0022F00F0C03F1200EE6444FEA121C03F199
:10474C00100242E9045542E9025510327245F8D183
:10475C000CF1010214F00C0F03EB021204F00F0C1D
:10476C0013D0ACF1040323F003030433134442F8D5
:10477C00045B9342FBD10CF003042CB1C9B21C4472
:10478C0003F8011B9C42FBD130BD64461346002C40
:10479C00F4D1F9E703461446BFE71A46A446E0E70E
:1047AC0070B50D4E0D4D761BB61006D0002455F885
:1047BC00043B01349847A642F9D1094E094D761BAA
:1047CC0005F03AFDB61006D0002455F8043B013430
:1047DC009847A642F9D170BDF01A0060F01A00603B
:1047EC00F41A0060F01A0060704700BF704700BFF9
:1047FC00704700BF704700BF014B93F8280170470A
:10480C00840B00200148FFF7F3BF00BFB418002051
:10481C000148FFF7EFBF00BFB4180020436C70B520
:10482C0005460C464BB153F8240080B1026843F89E
:10483C0024200023C0E9033370BD2122042100F0A1
:10484C00A9FB034668640028EDD1002070BD01214E
:10485C0001FA04F6721D9200284600F09BFB00281A
:10486C00F3D0C0E90146E4E731B1436C4A6853F830
:10487C002200086043F82210704700BF2DE9F04178
:10488C000E6980460F461D4601F1140E0020DEF81D
:10489C0000108CB202FB0453090C4FEA134C02FBC0
:1048AC0001CC01309CB204EB0C4486424EF8044B14
:1048BC004FEA1C45EBDC3DB1BB68B34207DD07EBAF
:1048CC00860301365D613E613846BDE8F08179684A
:1048DC0040460131FFF7A2FF0446B0B13A690232FB
:1048EC0007F10C0192000C30FDF71CFED8F8443097
:1048FC007A6853F82210396043F82270274607EB88
:10490C00860301365D613E61DEE7034B03482246B8
:10491C00BA21FFF7D3FE00BFDC030020F003002018
:10492C00030C1B04D3B90004102310F07F4F04BFF9
:10493C000002083310F0704F04BF0001043310F074
:10494C00404F04BF80000233002805DB10F0804F7D
:10495C0003F1010308BF2023184670470023E4E746
:10496C00036813F0070208D0D9071FD49A0722D581
:10497C005B08036001221046704799B209B91B0C01
:10498C001022D9B209B908321B0A190704BF1B0936
:10499C000432990704BF9B080232D90703D45B0881
:1049AC0002F1010205D00360104670470022104648
:1049BC0070472022DFE79B080222036010467047F5
:1049CC0038B5436C04460D464BB15868B0B102681B
:1049DC005A6000220123C0E90435C26038BD21228F
:1049EC00042100F0D7FA034660640028EDD1094B8E
:1049FC000948002240F24511FFF760FE1C220121FC
:104A0C00204600F0C7FA0028F1D001220223C0E9A9
:104A1C000123DEE7DC030020F00300202DE9F04F3A
:104A2C000E691569AE4285B08846144605DB2A46E8
:104A3C00234635460C4616469846A3686168AF195E
:104A4C00BB42B8BF0131FFF7E9FE0190002800F02E
:104A5C008780019B03F1140909EB870AD14505D224
:104A6C004B46002243F8042B9A45FBD808F1140856
:104A7C0008EB860B04F11403D8451A4603EB8505A5
:104A8C005FD22B1B153B23F0030304331534A542D3
:104A9C0038BF0423CDE902A7AC461F46924605E079
:104AAC00090C29D1C34509F1040948D958F8041B4C
:104ABC008DB2002DF4D056464C46002356F8041BFC
:104ACC0022681FFA81FE90B2090C05FB0E00120C35
:104ADC00034405FB012202EB13429BB243EA02435F
:104AEC00B44544F8043B4FEA1243E7D849F8073081
:104AFC0058F8041C090CD5D0D9F8003050461A4689
:104B0C004C4600260588120C01FB052216449BB26C
:104B1C0043EA064344F8043B50F8045B22682D0C2E
:104B2C0093B201FB053303EB164384454FEA13465E
:104B3C00E8D8C34549F8073009F10409B6D8DDE9CE
:104B4C0002A7002F02DC05E0013F03D05AF8043D18
:104B5C00002BF9D0019B18461F6105B0BDE8F08F02
:104B6C00034B0448019A4FF4B171FFF7A7FD00BF46
:104B7C00DC030020F003002012F003032DE9F041C8
:104B8C001446064632D10D46A41020D0D6F84080EB
:104B9C00B8F1000F33D0E3074FF0000707D46410CF
:104BAC0015D0D8F80000A8B18046E307F7D54246E7
:104BBC0029463046FFF732FFB5B16968736C641053
:104BCC0053F821202A6043F821500546E9D12846A4
:104BDC00BDE8F081424641463046FFF71FFFC8F85A
:104BEC00000007608046E0E70546D8E7013B0F4A26
:104BFC0052F823200023FFF741FE0546C4E70121AC
:104C0C003046FFF70BFE804640B1012340F2712283
:104C1C00C0E90432002330640360BCE7044B054850
:104C2C00424640F24511FFF749FD00BF4C090020F8
:104C3C00DC030020F00300202DE9F0470D4614465C
:104C4C002F69AB68496807EB62177E1C9E42804651
:104C5C004FEA621904DD5B009E4201F10101FADCAE
:104C6C004046FFF7DBFD8446002852D0B9F1000F17
:104C7C0000F114020EDD09F105014FEA810E134615
:104C8C0000EB8101002043F8040B8B42FBD1AEF109
:104C9C0014031A44296905F1140314F01F0E03EBD5
:104CAC0081012ED0CEF1200910464FF0000A1C686D
:104CBC0004FA0EF444EA0A0440F8044B53F8044B8B
:104CCC00994224FA09FAF2D84B1B153B23F0030343
:104CDC00043305F11500814238BF0423BAF1000FEB
:104CEC0018BF374642F803A0D8F844306A68CCF8AD
:104CFC00107053F822102960604643F82250BDE82A
:104D0C00F087043A53F8040B42F8040F9942F9D88F
:104D1C00EAE7034B034862464FF4EF71FFF7CEFC12
:104D2C00DC030020F00300200B6984460069C01AE4
:104D3C0016D10CF1140C14310CEB830210B401EBF2
:104D4C00830301E0944508D252F8044D53F8041D36
:104D5C008C42F7D005D24FF0FF305DF8044B704712
:104D6C00704701205DF8044B704700BF2DE9F84FE8
:104D7C000F691369FF1A002F0E4690467FD101F17F
:104D8C001405143202EB830205EB830301E09D4210
:104D9C0078D253F8041D52F8044DA142F7D069D3D0
:104DAC007168FFF73BFD8146002877D03569D8F84C
:104DBC001020C76008F1140E06F1140009F1140A52
:104DCC0006F110010EEB820200EB850756464FF000
:104DDC00000C5EF8044B51F804BFA3B21CFA8BFC18
:104DEC00ACEB03034FEA144CCCEB1B4C0CEB234CFD
:104DFC009BB243EA0C43724546F8043B4FEA2C4CF9
:104E0C00E7D8A2EB0801153908F11508424521F045
:104E1C00030404F1040438BF0424204421F00302E9
:104E2C0038BF002287425244544418D926460146C2
:104E3C0051F8043B1CFA83FC4FEA2C4202EB134260
:104E4C001FFA8CFC4CEA02438F4246F8043B4FEAB3
:104E5C00224CEDD8013F3F1A27F00307E21923B982
:104E6C0052F8043D013D002BFAD0C9F810504846C9
:104E7C00BDE8F88F334601274646984690E7F9DBA4
:104E8C0000278DE70021FFF7C9FC814668B101229C
:104E9C000023C9E904234846BDE8F88F064B0748B0
:104EAC004A4640F24521FFF709FC034B03484A46AA
:104EBC0040F23721FFF702FCDC030020F003002056
:104ECC002DE9F043884683B0012157EC106B154651
:104EDC00FFF7A4FC0446002851D0C7F30A59C7F3C6
:104EEC001303B9F1000F01D043F48013002E01938A
:104EFC0018D101A8FFF734FD019A6261012200F17B
:104F0C0020032261B9F1000F25D0A9F2334909EB36
:104F1C0003022046C3F13503C8F800202B6003B010
:104F2C00BDE8F08368460096FFF71AFD034610B300
:104F3C00DDE90002C3F1200102FA01F10143DA407C
:104F4C0061610192002AA26114BF02220122226136
:104F5C00B9F1000FD9D1A3F23243C8F8003004EBF9
:104F6C0082031869FFF7DCFCC0EB421320462B6070
:104F7C0003B0BDE8F083009A6261019AE2E7034B4B
:104F8C000348224640F20F31FFF798FBDC03002068
:104F9C00F003002038B5A1FB02148CBBFFF762F8BC
:104FAC000546E0B150F8042C22F00302043A242AFE
:104FBC0017D8132A1AD91B2AC0E900441DD9242A50
:104FCC0014BF00F1100200F118024FF00003C0E909
:104FDC00024404BF04614461C2E900339360284673
:104FEC0038BD2146FFF78AFB284638BD0246002310
:104FFC00C2E900339360284638BD00F10802F6E799
:10500C00FEF7F2FF0C2300250360E8E7024A034990
:10501C00034800F03BBD00BF00110020596B00009D
:10502C00480A00200C4B4168994210B5044601D047
:10503C0003F08AFBA168094B994202D0204603F089
:10504C0083FBE168064B994204D02046BDE8104032
:10505C0003F07ABB10BD00BFF018002058190020D7
:10506C00C01900202DE9F8432A4C2B4B2B48DFF8B4
:10507C00C090DFF8C0802A4F186000250423082256
:10508C00294604F15C00274E6566C4E90253C4E965
:10509C000055C4E90455A561FFF730FB224B63674B
:1050AC000822294604F1C400C4E90749C4E9098768
:1050BC00C4E91A55C4E91E55C4F8CC502567C4F888
:1050CC008050E662FFF71AFB184BC4F8DC30294617
:1050DC0004F16803082204F59670C4F88430C4E91E
:1050EC002298C4E92476C4E93455C4E93855C4F887
:1050FC003451C4F8D850C4F8E850FFF7FFFA04F163
:10510C00D003C4E93C98C4E93E76C4F8EC30BDE861
:10511C00F88300BFF0180020281A00201D3400006E
:10512C00353E0000553E000009000100120002004F
:10513C00D13D0000F53D000010B504460A48FFF7CC
:10514C0057FB636B23B9094B094A1B68626323B194
:10515C00BDE810400448FFF74DBBFFF783FFBDE8E7
:10516C0010400148FFF746BBB8180020281A002051
:10517C00353400000148FFF73BBB00BFB8180020D6
:10518C000148FFF737BB00BFB81800200000000033
:10519C000000000000000000000000000000000003
:1051AC0000000000000000000000000000000000F3
:1051BC0090F800F06DE9024520F007016FF0000C4B
:1051CC0010F0070491F820F040F049804FF00004F3
:1051DC006FF00700D1E9002391F840F000F10800CE
:1051EC0082FA4CF2A4FA8CF283FA4CF3A2FA8CF306
:1051FC004BBBD1E9022382FA4CF200F10800A4FA6D
:10520C008CF283FA4CF3A2FA8CF3E3B9D1E90423C0
:10521C0082FA4CF200F10800A4FA8CF283FA4CF3F7
:10522C00A2FA8CF37BB9D1E9062301F1200182FAB1
:10523C004CF200F10800A4FA8CF283FA4CF3A2FAB7
:10524C008CF3002BC6D0002A04BF04301A4612BAC5
:10525C00B2FA82F2FDE8024500EBD2007047D1E9C8
:10526C00002304F00305C4F100004FEAC50514F057
:10527C00040F91F840F00CFA05F562EA05021CBF28
:10528C0063EA050362464FF00004A9E70CB410B5BD
:10529C001F4B00291C689CB035DB4FF40273ADF832
:1052AC001430029006901FAB18D001394FF6FF72E4
:1052BC0004910791ADF8162002A91E9A019320467D
:1052CC0000F01EFC421C01DA8B232360029B00229F
:1052DC001A701CB0BDE8104002B070474FF6FF7258
:1052EC0004910791ADF8162002A91E9A019320464D
:1052FC0000F006FC431C01DA8B2323601CB0BDE8D4
:10530C00104002B070478B2323604FF0FF30F5E75D
:10531C000C1100202DE9F84F1746002900F0988059
:10532C000C4607F10B058046FFF76CFA162D54F866
:10533C00041C5BD810252A46AF425CD821F003062A
:10534C009642A4F1080962DABC4BD3F808C009EB09
:10535C000600844500F09780D0F804C02CF00103BF
:10536C0003445B68DB0768D42CF0030C06EB0C03DE
:10537C00934247DACB0710D454F8083CA9EB030A44
:10538C00DAF8043023F003018C44B444944580F2E1
:10539C0011817318934280F2E88039464046FEF73B
:1053AC0061FE0746E0B154F8043C23F001034B4482
:1053BC00A0F10802934200F0D280321F242A00F29E
:1053CC00F580132A00F2AC8003462246116819605E
:1053DC005168596092689A602146404600F0D6F9AF
:1053EC004046FFF715FA3846BDE8F88F25F007055B
:1053FC00002D2A46A0DA0C23C8F8003000273846C6
:10540C00BDE8F88F1E46D0E90223D3609A60731B67
:10541C000F2B22D8D9F8043003F0010333434E4448
:10542C00C9F80430736843F00103736040462746A3
:10543C00FFF7EEF93846BDE8F88FC907ADD454F83C
:10544C00083CA9EB030ADAF8041021F00301A0E7E9
:10545C00BDE8F84F1146FEF705BED9F8042009EB5C
:10546C00050102F001024E4443F001032A43C9F83E
:10547C0004204B60736843F00103083173604046AD
:10548C0000F084F9D2E7DCF8040020F0030B06EB03
:10549C000B0C05F1100084454DDAC9073FF57DAFC3
:1054AC0054F8081CA9EB010ADAF8041021F00301E6
:1054BC008B44B34458453FF76CAF5746DAF80C10A1
:1054CC0057F8080F321F242AC160886000F2DB8075
:1054DC00132A40F2D6802168CAF808106168CAF80D
:1054EC000C101B2A00F2DF8008340AF1100221682C
:1054FC00116061685160A16891600AEB0501ABEB2A
:10550C00050242F0010299604A60DAF8043003F0B7
:10551C0001032B434046CAF80430FFF779F96EE7D4
:10552C0023680360636843601B2A68D804F108028F
:10553C0000F108034AE709EB05029A60ACEB05039E
:10554C0043F00103536054F8043C03F001032B4374
:10555C00404644F8043CFFF75BF927464FE750F808
:10556C00043C23F003031E4451E75746DAF80C10B1
:10557C0057F8080F321F242AC16088604CD8132AB0
:10558C0048D92168CAF808106168CAF80C101B2A9F
:10559C0056D808340AF110021E462368136063685B
:1055AC005360A3689360D1463C4630E72146FFF731
:1055BC0009F811E7D0E902135746CB60996057F808
:1055CC00081FDAF80C30CB60321F242A99602DD8D2
:1055DC00132A29D92368CAF808306368CAF80C3032
:1055EC001B2A42D808340AF1100322681A60626838
:1055FC005A60A2689A606646D1463C4607E7A368A3
:10560C008360E368C360242A26D004F1100200F101
:10561C001003DBE63A46BFE7214638461E46D14624
:10562C00FEF7D0FF3C46F2E63B46DEE72146384625
:10563C006646D146FEF7C6FF3C46E8E6F00C002075
:10564C00A168CAF81010E168CAF81410242A20D0F6
:10565C0010340AF118029FE7236903616169416103
:10566C0004F1180200F11803B0E6A368CAF8103070
:10567C00E368CAF81430242A21D010340AF1180334
:10568C00B3E73A4633E721463846FEF79BFF164B05
:10569C0033E72269CAF818206269CAF81C2018344A
:1056AC000AF1200278E7A168CAF81010E168CAF87C
:1056BC001410242A0DD010340AF1180217E72369AC
:1056CC00CAF818306369CAF81C3018340AF1200380
:1056DC008BE72269CAF818206269CAF81C201834B2
:1056EC000AF1200203E700BFF00C0020F8B5244FAC
:1056FC000C460646FFF786F8BB685D68C4F57E610C
:10570C000F3125F003054B1923F47F6323F00F03AE
:10571C00A3F58054B4F5805F07DB0021304600F020
:10572C00A3F9BB682B44984204D03046FFF770F8BD
:10573C000020F8BD6142304600F096F901300DD0E2
:10574C00104ABB682D1B45F001055D60136830469F
:10575C001B1B1360FFF75CF80120F8BD00213046DD
:10576C0000F082F9BA68831A0F2BDEDD43F00103D7
:10577C005360054B03491B68C01A0860D5E700BF8E
:10578C00F00C0020BC180020F8100020002961D07B
:10579C00F8B50C460646FFF735F854F8042C7B4F49
:1057AC00A4F1080522F0010105EB010CB868DCF846
:1057BC000430604523F0030300F08B80D207CCF853
:1057CC00043032D454F8082CAD1A1144AA6807F1ED
:1057DC00080082426AD00CEB0304D4F804E0EC68B5
:1057EC00D4601EF0010FA26000F0978041F001031D
:1057FC006B60CCF80010B1F5007F35D27868CB081F
:10580C000122490901338A40024357F833107A6068
:10581C0007EBC302083AC5E9021247F83350CD60D2
:10582C003046BDE8F840FEF7F3BF0CEB03025268BC
:10583C00D00710D4194407F10800DCF80830834273
:10584C0073D0DCF80C20DA60936041F001036B60DC
:10585C006950D0E7704741F00103B1F5007F44F87F
:10586C00043CCCF80010C9D3B1F5206F4FEA51239A
:10587C0048D28B0903F1390003F13802C300F81840
:10588C00FB580838984259D05A6822F003028A42D1
:10589C0002D99B689842F7D1D868C5E90230856077
:1058AC00DD603046BDE8F840FEF7B2BF0CEB0302FA
:1058BC005268D20763D40B44DCE90212CA609160CF
:1058CC0043F001026A603046EB50BDE8F840FEF749
:1058DC009FBF0B44D10707D454F8082CAD1A1344BE
:1058EC00D5E90212CA60916043F001026A60284A4D
:1058FC00BD6012689A4293D8264B30461968FFF760
:10590C00F5FE8DE7142B0AD9542B1FD80B0B03F182
:10591C006F0003F16E02C300B1E719448DE703F188
:10592C005C0003F15B02C300A9E741F00103C7E986
:10593C000455C5E902006B60695071E779689210F3
:10594C00012404FA02F20A437A60A6E7B3F5AA7FAF
:10595C0006D8CB0B03F1780003F17702C3008EE776
:10596C0040F25452934206D88B0C03F17D0003F1A4
:10597C007C02C30083E74FF47E737E227FE741F005
:10598C0001036B60CCF800104AE700BFF00C00205C
:10599C00FC100020EC1800200EB410B583B005AB41
:1059AC00064C53F8042B01930146206801F086FE47
:1059BC0003B0BDE8104003B0704700BF0C110020CD
:1059CC0010B50C46B1F90E1004F0ACF8002803DB4E
:1059DC00236D0344236510BDA38923F48053A38155
:1059EC0010BD00BF2DE9F0410C46B1F90C101F465B
:1059FC00CB05054616460BD421F48051A1813B46BC
:105A0C00B4F90E1032462846BDE8F04100F062B8F9
:105A1C00B4F90E100223002204F06EF8B4F90C1045
:105A2C00EAE700BF10B50C46B1F90E1004F064F8AB
:105A3C00A389421C0EBF23F4805343F4805320658A
:105A4C00A38110BDB1F90E1003F0CCBE49B1FF2AF1
:105A5C0002D80A70012070478A2303604FF0FF3090
:105A6C0070470846704700BF38B5074D0022044602
:105A7C0008462A60FCF7E8FE431C00D038BD2B68B2
:105A8C00002BFBD0236038BD3C1A00202DE9F843D5
:105A9C0080460F4616464FF00009D6E90154013DE9
:105AAC0011D4A389012B05F1FF3508D9B4F90E30B7
:105ABC000133214603D04046B84749EA00096B1C24
:105ACC0004F16804EDD13668002EE6D14846BDE8F5
:105ADC00F88300BF38B50C46084D84461146204665
:105AEC001A4600232B606446FCF708FC431C00D0CC
:105AFC0038BD2B68002BFBD0236038BD3C1A00202E
:105B0C002DE9F04F2DED088BD1B00C460BEE101A91
:105B1C0090460893834602F013FE036812931846CE
:105B2C00FFF746FB20AF1090082200213846FEF705
:105B3C00E5FDA3891B0603D52369002B00F05587CF
:105B4C0000239FED838B9FED849BCDE92533CDE91D
:105B5C001333CDE9153327AA0E9324929246119351
:105B6C0004934446A1467E4BD3F8E450FEF744FE22
:105B7C004A4603461CA900975846A847002800F03F
:105B8C00B080C0F2A6801C9A252A034601D0994405
:105B9C00E9E7B9EB0405064640F0A78000234FF077
:105BAC00FF328DF867309846069309F1010999F890
:105BBC00003003922B25202609F10109A3F12002C4
:105BCC005A2A00F2CF80DFE812F0E802CD00CD00B7
:105BDC00E302CD00CD00CD006A00CD00CD00050262
:105BEC008402CD001002C902CD00BD025B005B0037
:105BFC005B005B005B005B005B005B005B00CD004F
:105C0C00CD00CD00CD00CD00CD00CD005301CD0099
:105C1C0083011A02530153015301CD00CD00CD0075
:105C2C00CD001502CD00CD009602CD00CD00CD00EB
:105C3C00AB01CD00AA02CD00CD00E306CD00CD0016
:105C4C00CD00CD00CD00CD00CD00CD005301CD0059
:105C5C008301DE015301530153017702DE017F0002
:105C6C00CD008902CD005F02E0062F027F00CD003F
:105C7C00AB017C00B806CD00CD00BD06CD007C008C
:105C8C00A3F13002002119F8013B01EB810102EB79
:105C9C004101A3F13002092AF5D906918EE7584645
:105CAC0002F04EFD436815931846FFF781FA1690E3
:105CBC00584602F045FD83681393169B002B40F069
:105CCC002D8699F8003077E799F8003048F02008D5
:105CDC0072E7082200213846FEF710FD0123994493
:105CEC0041E7B9EB0405064611D0269B2B442693BD
:105CFC00259B0133072BCAE9004525931CDC0AF1CF
:105D0C00080A049B2B440493002E7FF447AF269B78
:105D1C00002B41F00B821BEE103AB3F90C3013F050
:105D2C00400F049B18BF4FF0FF330493049851B0FD
:105D3C00BDEC088BBDE8F08F1BEE101A24AA584658
:105D4C0004F00AF90028E6D10DF19C0AD9E700BF4E
:105D5C000000000000000000FFFFFFFFFFFFEF7FCF
:105D6C00840B00200B93002BD1D00021CDE90C111A
:105D7C008DF8DC3001238DF86710029307910593A1
:105D8C0003910F9137AC18F00203099302D0029BD8
:105D9C000233029318F084030A9305D1069B029AEE
:105DAC009D1A002D00F36983269A89B125990DF16E
:105DBC00670001310132CAF8000007294FF00100D9
:105DCC0026922591CAF8040000F3A2830AF1080A6E
:105DDC00099B83B1259B1AA901330232CAF8001022
:105DEC00072B4FF0020126922593CAF8041000F3FA
:105DFC00A3830AF1080A0A9B802B00F06C82039B98
:105E0C0005995D1A002D00F3A58218F4807F40F0EF
:105E1C000D82059BCAF804301A44259BCAF8004031
:105E2C000133072B2692259300F31B830AF1080AF2
:105E3C0018F0040F05D0069B02995C1A002C00F395
:105E4C008883049B069902988142ACBF5B181B188F
:105E5C000493002A40F0B08200232593079B1BB1CA
:105E6C0007995846FFF792FC0DF19C0A4C4679E6CF
:105E7C000B93089B073323F00703B3EC028BB0EEB4
:105E8C00C87BB4EE497BF1EE10FA089340F3E98439
:105E9C00B5EEC08BF1EE10FA01F159809DF8671048
:105EAC00AB4CAC4B28F080080B9A472AC8BF1C4659
:105EBC000023CDE90C33032207930292059203933E
:105ECC000F9300293FF45FAF029B013302935AE713
:105EDC00432B0B9303D018F0100F00F05D85089D39
:105EEC000822002122A837ACFEF708FC22AB55F89B
:105EFC00042B2146584602F0FDFB03460133059066
:105F0C0001F0EE82059B089523EAE37302930021CE
:105F1C00CDE90C118DF86710079103910F9132E7C1
:105F2C000B93089B1A4600238DF86730134653F8E1
:105F3C00044B0893002C00F048850B9B532B00F06E
:105F4C00EC8618F010030C9340F0E786039B5D1C65
:105F5C0001F0E5800C991A46204603F019FD0790D4
:105F6C00002801F02883079B1A1B05920C9B0393B6
:105F7C0022EAE2720F930D93079373239DF8671037
:105F8C0002920B939DE718F0200F0B93089B3DD0CA
:105F9C00073323F007031A4611465B6851F8082BA8
:105FAC0008911946002BC0F20C84039B013300F0BE
:105FBC009E8228F0800052EA0103029040F0998200
:105FCC00039B002B40F09A82804600230393059399
:105FDC0050AC06E1089B53F8042B0692002A80F281
:105FEC001984069A08935242069299F8003048F0A8
:105FFC000408E1E599F8003048F00808DCE548F0C1
:10600C00100818F0200F0B93089BC1D118F0100F3B
:10601C0040F00B8418F0400F00F0038433F9042B8C
:10602C000893D1170B46BDE7089B48F00202029279
:10603C0053F8042B089347F63003ADF868307820FA
:10604C00454B1193002102230B900020039C8DF8EB
:10605C006700601C00F0AD80029820F0800852EAC6
:10606C00010040F0A480002C40F0AE86002BACD197
:10607C00029B13F00103059300F0D18330238DF8BC
:10608C003F310DF23F14ACE018F0200F40F0D483F8
:10609C0018F0100F40F09F8618F0400F40F09787D3
:1060AC0018F4007F00F09786089B049953F8042B92
:1060BC00089311704C4655E599F80030682B03BFD6
:1060CC0099F8013048F4007809F1010948F04008CA
:1060DC0072E599F800308DF867506DE599F800304D
:1060EC006C2B03BF99F8013048F0200809F1010925
:1060FC0048F0100860E50B9348F0100818F02001E8
:10610C0000F05183089B073323F00703596853F8B9
:10611C00082B089328F480630293002395E70B93D4
:10612C0048F010030293029B13F0200100F0298326
:10613C00089B073323F00703596853F8082B08937F
:10614C00012382E799F8003048F0800834E500BF5D
:10615C00BC050020C0050020CC050020494611F8E4
:10616C00013B2A2B01F04982A3F13002092A89460E
:10617C0098BF002101F2448119F8013B01EB810128
:10618C0002EB4101A3F13002092AF5D9039115E57F
:10619C0099F8003048F001080EE59DF86730002BA7
:1061AC007FF48FAD99F800308DF8676004E5CDF879
:1061BC000880012B00F09D81022B50AC20D111984E
:1061CC0002F00F031209C35C04F8013D42EA0172AC
:1061DC00090952EA0103F3D150AB1B1BDDF808800F
:1061EC000593059A03989DF8671082424FF00003BF
:1061FC00B8BF0246CDE90C33079302920F9360E6C9
:10620C0002F00703D20842EA4172C908303352EA5D
:10621C000105204604F8013DF2D1029AD10700F1A4
:10622C004D8250AB1B1B90460593DAE70B9B652BFD
:10623C0040F3D480B5EE408BF1EE10FA40F0C18102
:10624C00259BBA49CAF80010013301320121072BF2
:10625C0026922593CAF8041000F351850AF1080A16
:10626C001B9B0E998B4280F2D082109B12991A4480
:10627C00CAE90013259B26920133072B259300F3C3
:10628C0097830AF1080A0E9B5C1E002C7FF7D0AD99
:10629C00102C259B40F36E851BEE106A102505E033
:1062AC000AF1080A103C102C40F364850133A04914
:1062BC001032072BCAE90015CDE92532F0DD24AAEE
:1062CC003146584603F048FE00287ED1DDE92532E0
:1062DC000DF19C0AE6E7069B02995D1A002D7FF7EB
:1062EC008EAD102D259B21DD099410261BEE104A36
:1062FC0004E0103D102D0AF1080A16DD01338C491B
:10630C001032072BCAE90016CDE92532F1DD24AA9B
:10631C00214658460DF19C0A03F01EFE002854D16C
:10632C00103D102DDDE92532E8DC099C8049CAF8C6
:10633C00045001332A44072BCDE92532CAF800104A
:10634C0000F32685039B05995D1A002D0AF1080AB6
:10635C007FF75BAD102D259B1FDD514610261BEEE4
:10636C0010AA04E0103D102D01F1080114DD0133D9
:10637C006F481032072BC1E90006CDE92532F1DD5B
:10638C0024AA5146584603F0E7FDF0B9103D102DF4
:10639C00DDE9253227A9EADC8A4601336449CAF8CB
:1063AC0004502A44072BCDE92532CAF8001000F31B
:1063BC00DA810AF1080A28E51BEE101A24AA5846BD
:1063CC0003F0CAFD00283FF447AD079B002B3FF4B8
:1063DC00A2AC07995846FFF7D9F99CE40E9B012B08
:1063EC0040F37A81259BCAF8004001330132012128
:1063FC00072B26922593CAF8041000F3F8810AF1B2
:10640C00080A1099129801330A44072BCAE90001B3
:10641C00CDE9253200F3DD810AF1080AB5EE408B97
:10642C00F1EE10FA00F077810E9901330139013445
:10643C000A44072BCAF800402593CAF80410269288
:10644C0000F35B810AF1080A1499CAF804100133AD
:10645C000A44072B1EA9CDE92532CAF800107FF794
:10646C00E5AC1BEE101A24AA584603F075FD002863
:10647C00ABD1269A0DF19C0ADAE4102DDDE9251238
:10648C002C4E24DD179410231BEE104A084604E012
:10649C00103D102D0AF1080A17DD013010320728C3
:1064AC00CAE90063CDE92502F2DD24AA214658464B
:1064BC000DF19C0A03F050FD002886D1103D102DE3
:1064CC00DDE925024FF01003E7DC179C0146013192
:1064DC002A440729CDE92512CAF80060CAF80450ED
:1064EC0000F3BD839DF867100AF1080A5DE4CDF84E
:1064FC0008800A2A71F1000380F0458330320123B1
:10650C00DDF808808DF83F2105930DF23F1468E605
:10651C001BEE101A24AA584603F01EFD00287FF427
:10652C0054AF269A0DF19C0A52E400BFFC050020E2
:10653C00240A0020000600201BEE101A24AA58463C
:10654C0003F00AFD00287FF440AF269A0DF19C0A57
:10655C0051E4102C259BBE4E1FDD1BEE108A10251E
:10656C0004E0103C102C0AF1080A16DD013310323D
:10657C00072BCAE90065CDE92532F2DD24AA414694
:10658C0058460DF19C0A03F0E7FC00287FF41DAF80
:10659C00103C102CDDE92532E8DC01332244072BBA
:1065AC00CAE90064CDE925327FF74BAC1BEE101A1B
:1065BC0024AA584603F0D0FC00287FF406AF269A94
:1065CC003FE41B99002940F35A830C9E0E9B9E427C
:1065DC00A8BF1E46002E0BDD259B01333244072B32
:1065EC00CAE900462692259300F389860AF1080A27
:1065FC000C9D002EA8BFAD1B002D00F303820C9B3D
:10660C0018F4806F2344059340F01F821B9B0E9956
:10661C008B4203DB18F0010F00F0CF841099129815
:10662C000A44CAE9000125992692013107292591CE
:10663C0000F3A5860AF1080A0E996518CC1A059B79
:10664C00ED1AA542A8BF2546002D0DDDCAF8003075
:10665C00259BCAF8045001332A44072B2692259314
:10666C0000F3BB860AF1080A002DA8BF641B002C9E
:10667C007FF7DEAB102C259B40F37C831BEE106A5E
:10668C00102505E00AF1080A103C102C40F3728327
:10669C00013370491032072BCAE90015CDE92532B8
:1066AC00F0DD24AA3146584603F056FC00287FF44E
:1066BC008CAEDDE925320DF19C0AE5E7302B3FF479
:1066CC008BAD3023023804F8013C50AB1B1ADDF8BB
:1066DC0008800593044684E518F0010F7FF482AE20
:1066EC00259BCAF80040013301320121072B269269
:1066FC002593CAF804107FF7A5AE1BEE101A24AA36
:10670C00584603F029FC00287FF45FAEDDE9253202
:10671C000DF19C0A98E60E994C1E002C7FF794AE56
:10672C00102C40F361831BEE106A102505E00AF172
:10673C00080A103C102C40F35783013345491032A2
:10674C00072BCAE90015CDE92532F0DD24AA314624
:10675C00584603F001FC00287FF437AEDDE9253202
:10676C000DF19C0AE5E71BEE101A24AA584603F01B
:10677C00F3FB00287FF429AE269A0DF19C0AFFF753
:10678C0044BB029B13F0100340F0C180029A12F03C
:10679C00400200F07A83089850F8042B08901946B0
:1067AC0092B2012351E418F0100355D118F04002B5
:1067BC0000F05D83089850F8042B0890194692B2AB
:1067CC00A8E4524261EB4101CDF808802D20012351
:1067DC003CE41BEE101A24AA584603F0BDFB00281B
:1067EC007FF4F3ADDDE925320DF19C0A16E61BEEC4
:1067FC00101A24AA584603F0AFFB00287FF4E5AD2D
:10680C00DDE925320DF19C0AFBE518F0010F3FF490
:10681C000FAB2AE5089399F80030FFF7CDB950ACCF
:10682C00DFE418F4007F40F0DB8353F8042B08936B
:10683C00D1170B46FFF7B6BB089B049853F8041B03
:10684C000893C217C1E900024C46FFF78BB900BF91
:10685C0000060020240A0020089B53F8042B089300
:10686C0058E4B4EE488BF1EE10FA80F194860B9B51
:10687C00612B00F05285412B00F0C085039B013346
:10688C000B9B23F0200500F08084472D04D1039B43
:10689C00002B08BF0123039318EE903A002B48F409
:1068AC0080724646C0F21886B0EE48AB0023904684
:1068BC00099307930B9B413B252B00F29883DFE850
:1068CC0013F06F0496039603960368046C04960306
:1068DC0096039603960396039603960396039603E4
:1068EC0096039603960396039603960396039603D4
:1068FC0096039603960396039603960396039603C4
:10690C009603960396039603960368046C04089BFF
:10691C0053F8042B08930123FFF797BB139B002B11
:10692C003FF4CFA9139B1B78002B3FF4CAA999F80D
:10693C00003048F48068FFF73FB90B93CDF808801E
:10694C00FFF7F1BB0B939A4B119318F0200100F059
:10695C000581089B073323F00703596853F8082B6C
:10696C00089318F0010F0AD052EA010307D00B9BD1
:10697C008DF86930302348F002088DF8683028F41F
:10698C00806302930223FFF760BB0B93FFF7B6BB48
:10699C000B93884B1193D8E7089B012153F8042BD8
:1069AC0002918DF8DC200893059137ACFFF7AFBA54
:1069BC001BEE101A24AA584603F0CEFA00287FF4D6
:1069CC0004AD269A0DF19C0A5DE4039B0794062BFB
:1069DC00224628BF062303942146CDE90C22764C8F
:1069EC00029305930F92FFF76CBA40215846FDF7BE
:1069FC0039FB20602061002800F00F864023636182
:106A0C00FFF79EB8102D259B40F35D825146102652
:106A1C001BEE10AA04E00831103D102D40F35282F9
:106A2C00013366481032072BC1E90006CDE9253247
:106A3C00F1DD24AA5146584603F08EFA00287FF463
:106A4C00C4ACDDE9253227A9E6E70E9BCDF82490EE
:106A5C00E31803930D9BCDF82880139E059DDDF85C
:106A6C005890DDF83C800B941BEE101A5046002B0E
:106A7C0034D0B8F1000F35D10D9B013B013E0D9385
:106A8C00159BC0E90039259B01334A44072B2692FC
:106A9C0025936CDC0830039B96F800C05B1B6345A8
:106AAC00A8BF6346002B9A460CDD259C01341A4482
:106ABC00072CC0E900532692259400F3778196F8B1
:106ACC0000C00830BAF1000FACBFACEB0A0464464E
:106ADC00002C0ADC65440D9B002BCAD1B8F1000FC9
:106AEC0000F0AC8308F1FF38CAE7102CDDF894C035
:106AFC0024DD05954FF0100A63460D4604E0103C6A
:106B0C00102C00F1080016DD01332C491032072B34
:106B1C00C0E9001ACDE92532F1DD24AA29465846F0
:106B2C0003F01AFA00287FF450AC103C102CDDE96D
:106B3C00253227A8E8DC2946059D9C460CF101036B
:106B4C0022444460072B1D4C0460CDE9253200F330
:106B5C00C68396F800C008306544BCE718F01003F3
:106B6C0000F0C280089B53F8042B0893F9E624AA82
:106B7C005846059103F0F0F900287FF426AC269ACC
:106B8C00059927A887E70298CDF81CA050AC00F413
:106B9C00806000250AEE10BA094BDDF84CA0CDF848
:106BAC001490A3464FF00508AC46044610E000BF15
:106BBC00CC050020E0050020F4050020240A00206C
:106BCC00CDCCCCCC0A2A71F1000136D34A463146E1
:106BDC00501840F10000A3FB005626F0030505EB0E
:106BEC009605401B151A4FF0CC3661F1000E06FBD2
:106BFC0005F6A5FB039503FB0E6609F0010E2E446A
:106C0C00AEFB085E2D184FEA590930350BF8015CC4
:106C1C0049EAC6790CF1010C0BF1FF3B7608002C0C
:106C2C00D0D09AF800008445CCD1BCF1FF0FC9D06C
:106C3C000A2A71F1000180F08F815C4650AB1B1B5E
:106C4C00DDF81490CDF84CA01AEE10BADDF81CA0AB
:106C5C00DDF80880CDF838C00593FFF7C2BA1BEEFB
:106C6C00101A24AA584603F077F900287FF4ADAB2C
:106C7C009DF86710269A0DF19C0AFFF796B8259B94
:106C8C00BE48CAF80000013301320120072B2692BE
:106C9C002593CAF8040000F377810AF1080A002949
:106CAC0040F0AF800E9908F001030B433FF4C0A8ED
:106CBC00109B12991A44CAE90013259B26920133A2
:106CCC00072B259300F352820AF1080A0E99CAF891
:106CDC00004001330A44072BCDE92532CAF80410D1
:106CEC007FF7A4A8FFF7BDBB18F0400200F0DD80D1
:106CFC00089850F8042B0890194692B231E61BEE16
:106D0C00101A24AA584603F027F900287FF45DAB2B
:106D1C00269A0DF19C0AFFF7A3BA22AE0822002195
:106D2C0030461D94FDF7EAFC039B5A1C00F0DB80F7
:106D3C000025CDF80890CDF81C809946A8460CE0AB
:106D4C0037A9584601F0D6FC431C404400F0C883D8
:106D5C00484508DC00F0188480461D9A5259334689
:106D6C000435002AECD1CDF81480DDF80890DDF85C
:106D7C001C80C5E001338249CAF804402244072B29
:106D8C00CAF80010CDE925327FF750A8FFF769BB90
:106D9C001BEE101A24AA584603F0DEF800287FF4E4
:106DAC0014AB269A0DF19C0AFFF729B824AA584671
:106DBC00059103F0D1F800287FF407AB96F800C0DA
:106DCC00269A059927A87DE6012BCDF808807FF43B
:106DDC00F3A9FFF793BB089B049953F8042B4C467B
:106DEC0011600893FEF7BEBE01336549CAF8044032
:106DFC002244072BCDE92532CAF800107FF722ABCD
:106E0C007BE4109B12981A44CAE90003259B269236
:106E1C000133072B259300F3A9810AF1080A0029F5
:106E2C00BFF654AF4D42103180F20F831BEE101A97
:106E3C00102605E00AF1080A103D102D40F30583D9
:106E4C0001334F481032072BCAE90006CDE9253231
:106E5C00F0DD24AA5846039103F07EF800287FF455
:106E6C00B4AADDE9253203990DF19C0AE4E7089BED
:106E7C0018F400711ABF114653F8042B53F8042B65
:106E8C00089318BFD2B2FFF745B9029B13F40071F7
:106E9C00089B1ABF114653F8042B53F8042B089384
:106EAC0018BFD2B20123FFF7D0B8089B18F40071B9
:106EBC001ABF114653F8042B53F8042B089318BF30
:106ECC00D2B24EE58A4601332D49CAF804502A4401
:106EDC00072BCDE92532CAF8001000F339810AF1ED
:106EEC00080AFFF78CBB0023194600961DAA5846CA
:106EFC0001F060FD03460133059000F0F1821D9412
:106F0C00059B002B4ED0632B00F3188100230793B5
:106F1C0037AC082200213046FDF7F0FB059D0096AA
:106F2C002B461DAA2146584601F044FD854240F0EF
:106F3C007C83059A0023A35422EAE272CDE90C3338
:106F4C009DF86710039302920F93FEF7BABF2D21A1
:106F5C008DF86710FEF7A4BF169B1599ABEB030BCE
:106F6C001A465846FDF70EF89AF80120054B0AB15F
:106F7C000AF1010A4FF0000C28E600BFFC050020C6
:106F8C00240A0020CDCCCCCC1BEE101A24AA5846D7
:106F9C0002F0E2FF00287FF418AA1B99269A0DF143
:106FAC009C0A7CE6059B9DF867100F93CDE9023394
:106FBC00CDE90C330793FEF784BF0E99059865183D
:106FCC002D1ACC1AA542A8BF2546FFF74DBB089B2E
:106FDC00049953F8042B089311804C46FEF7C2BD5C
:106FEC0013F9042B0893D1170B46FEF7DBBF039A5A
:106FFC00022122AB01931DAB009358461BABB0EEA4
:10700C004A0B029201F078FD472D029A044600F0DB
:10701C006181462D104405D12378302B00F06F820E
:10702C001B9A1044B5EE40ABF1EE10FA40F04681DD
:10703C0003461B1B0E93472D00F01081462D00F0CC
:10704C00B5811B9B0C930C9B412D03F1FF331B93C0
:10705C0000F0E5819DF82C200021002BB8BF0C9B83
:10706C008DF87820BABFC3F101032D222B22092BF6
:10707C008DF8792040F3DA810DF18F05DFF81CC40F
:10708C002A4610468CFB0321DA17C2EBA10202EB55
:10709C008201A3EB4101303100F8011C1946632930
:1070AC00134600F1FF32ECDC3033D9B2831E9D4223
:1070BC0002F8011C40F28B8213460DF17A0201E0BA
:1070CC0013F8011B02F8011B9D42F9D10DF191033C
:1070DC000DF17A021B1A13441EAA9B1A14930E9BD1
:1070EC00149A012B1A44059240F30382059B109AC3
:1070FC001344059326F48063059A43F480780023A7
:10710C00CDE90C3322EAE2720F930292099B002B19
:10711C0040F0B1809DF867100393FEF7D2BE204675
:10712C00FEF746F802460590FEF720BF1BEE101A3C
:10713C0024AA584602F010FFFEF7EDBD591C584624
:10714C00FCF790FF0446002800F0CA810790E0E6A7
:10715C001BEE101A24AA584602F0FEFE00287FF4FB
:10716C0034A9269A0DF19C0AFFF749BA1BEE101AA6
:10717C0024AA584602F0F0FE00287FF426A9DDE987
:10718C0025321B990DF19C0A49E606230393FFF760
:10719C0083BB039B02215A1C2BE7039A032128E78C
:1071AC001BA8B0EE4A0B02F043FCB4EE007B20EEC1
:1071BC00070BB5EE400BF1EE10FA01D101231B9336
:1071CC00B348039BB3EE005B013B224604E0B5EEF3
:1071DC00400BF1EE10FA13D020EE050BFDEEC07B48
:1071EC00B3F1FF3F17EE901A415CB8EEE76B944693
:1071FC0030EE460B02F8011B194603F1FF33E6D1C2
:10720C00B6EE006BB4EEC60BF1EE10FA00F348814B
:10721C00B4EE460BF1EE10FA04D117EE903ADB0700
:10722C0000F13E81002906DB4B1C1344302102F88F
:10723C00011B9342FBD1131B0E93FCE60B9C0E9B84
:10724C00DDF82490DDF828801396E3189D4229463A
:10725C0028BF194682460591FFF7D8B91B9B0C93A2
:10726C00DA1C02DB039A93420CDD0B9B023B0B9363
:10727C0023F02005E7E62D2100238DF867100393FA
:10728C00FEF722BE0C9B0E9A9342C0F2BD80F00713
:10729C000C9B40F13281109A13440593710503D570
:1072AC000C9B002B00F33581059B23EAE3730293BF
:1072BC0067230B9300230F930D9327E7229B8342A5
:1072CC00BFF4B7AE30215A1C22921970229B9842FF
:1072DC00F9D8AEE6F30700F1A780229BA9E624AA11
:1072EC005846059102F038FE00287FF46EA896F8F7
:1072FC0000C0269A059927A86544FFF7ECBB1BEE46
:10730C00101A24AA584602F027FE00287FF45DA824
:10731C00269A0DF19C0AFFF76BB978238DF869302A
:10732C0030238DF86830039B632B48F0020600F382
:10733C00A6800023079337AC18EE903A002B48F444
:10734C0081782BDBB0EE48AB0B9B23F020050023A0
:10735C0009930B9B612B7FF4ADAAB0EE4A0B1BA8D3
:10736C0002F066FBB4EE007B20EE070BB5EE400B93
:10737C00F1EE10FA01D101231B93464821E71BEED5
:10738C00101A24AA584602F0E7FD00287FF41DA825
:10739C001B9B269A0DF19C0AFFF74EB90B9B23F011
:1073AC0020052D230993B1EE48ABD2E71B9A0C9222
:1073BC00002A06F0010340F30D8103990B4340F0C2
:1073CC00CF800C9B059366230B93720500F1A38071
:1073DC00059B23EAE37302936CE71BEE101A24AAB5
:1073EC00584602F0B9FD00287EF4EFAF1B9C0E9BB3
:1073FC00269A1C1B0DF19C0AFFF736B958238DE712
:10740C0000220392FEF7DABB0E9B109A9A180C9B83
:10741C000592002B40F3AB8067230B93D5E70B9AB7
:10742C000F32D2B2012118E6A018FBE5002940F07A
:10743C00A88030228DF87A200DF17B02303302F8CF
:10744C00013B1EABD31A149349E601331249CAF817
:10745C0004502A44072BCDE92532CAF800107FF7D7
:10746C0033AC1BEE101A24AA584602F075FD002806
:10747C007EF4ABAFDDE925320DF19C0A26E4591CF4
:10748C005846FCF7EFFD044650B3079054E700BF95
:10749C00E0050020CC050020240A00206766666603
:1074AC00CDF888C012F8011C90F80FC06145134646
:1074BC000AD14FF0300E03F801EC229B591E229199
:1074CC0013F8011C8C45F6D0392916BF0131817A8D
:1074DC00C9B203F8011CAEE600239046079360E79F
:1074EC001BEE102AB2F90C3043F040039381FEF7E7
:1074FC0016BCF5077FF5FEADF8E50593CEE6B5EEC7
:10750C0040ABF1EE10FA3FF48BADC2F101021B92CD
:10751C0087E567230B9313990B78FF2B79D0002504
:10752C000C9A284603E001300131FF2B08D093421E
:10753C0006DAD21A4B78002BF5D10B780135F4E72B
:10754C000C9213910D900F950F9A0D9B1699134455
:10755C00059A01FB0323059323EAE3730293D5E514
:10756C00109BD3181944662305910B932DE7C3F197
:10757C0001031A4422EAE2730293672305920B93E8
:10758C0098E60DF17A0259E7039BDDF80890DDF8D7
:10759C001C800593B4E418EE903A002BB4BF2D2157
:1075AC009DF86710254C264BB8BF8DF8671028F056
:1075BC008008FEF779BC039B0293059373239DF817
:1075CC00671003900F900D900B93FEF77ABC02237B
:1075DC00149384E5039A134305D101236622029385
:1075EC000B92059366E6109B01331A4422EAE27370
:1075FC000293662305920B935CE6089A99F8013086
:10760C00894652F8041B089241EAE1710391FEF796
:10761C00D3BA00230F930D9396E70C23CBF80030CD
:10762C004FF0FF330493FEF781BB1BEE102A9389B6
:10763C0043F040039381FEF7C8BE00BFC405002091
:10764C00C80500202DE9F84F4B6E9C0490462DD5B3
:10765C009368126843B38B46064602F1080959E950
:10766C00025A5FEA9A0715D0043D002401E0A742B4
:10767C000ED055F8041F5A46304602F0BFFA431C90
:10768C0004F10104F3D10023C8E90133BDE8F88FFC
:10769C00D8F808302AF0030AA3EB0A03C8F808301C
:1076AC0009F10809002BDAD10020ECE702F0DAFA34
:1076BC000023C8E90133BDE8F88F00BF2DE9F04F76
:1076CC002DED028BC5B00DF1500A834608EE101A51
:1076DC0016460021082250461C460793FDF70EF86B
:1076EC00BBF1000F04D0DBF83430002B00F0A08687
:1076FC0018EE102A536EDB0740F11385B2F90C100B
:10770C008AB295040BD418EE103A41F400519981C9
:10771C005B6E8AB218EE101A23F400534B661007F6
:10772C0040F1058118EE103A1B69002B00F0FF8028
:10773C0002F01A030A2B00F00A810023CDE9193359
:10774C00CDE90D331BAA0C93189291460B9305931C
:10775C00B0464446A84BD3F8E450FDF74DF822460A
:10776C00034612A9CDF800A05846A847002800F0FF
:10777C004581C0F23981129A252A034601D01C4456
:10778C00E8E7B4EB0806054640F03C81002361783D
:10779C008DF8433004F1010806934FF0FF371E4675
:1077AC002B2408F10108A1F120035A2B00F2788157
:1077BC00DFE813F0B50276017601B00276017601AE
:1077CC0076016A00760176017D028D0276018802CF
:1077DC009702760192025B005B005B005B005B0032
:1077EC005B005B005B005B00760176017601760145
:1077FC00760176017601760176015C0284007601D1
:10780C0076017601760176017601760176017601B4
:10781C007601E80076017601760133027601DA0210
:10782C00760176018B05760176017601760176017B
:10783C00760176017601760176015C02860076018E
:10784C0076017601CD0286007F007601C0027601BA
:10785C00FD02EA00ED027F00760133027C0069052F
:10786C00760176016B0576017C00A1F130030022D4
:10787C0018F8011B02EB820203EB4202A1F1300368
:10788C00092BF5D906928EE7584600F059FF43684C
:10789C000D931846FDF78CFC0E900546584600F0EB
:1078AC004FFF83680B93002D40F0D68498F800109E
:1078BC0077E798F8001046F0200672E746F01006BD
:1078CC00B40640F18E81079B073323F007031A4659
:1078DC00596852F8083B07920A460029C0F2708496
:1078EC00791C00F0A28526F08001039153EA020175
:1078FC0000F03F840A2B72F1000180F04185303397
:10790C008DF80F31039E012304930DF20F14049B89
:10791C00BB42B8BF3B460393002308939DF843300A
:10792C00002B00F0CB80039B01330393C6E018EED1
:10793C00101A584618EE105A00F06AFF002840F052
:10794C005286AA8902F01A030A2B7FF4F6AE18EEBF
:10795C00101AB1F90E30002BFFF6EFAE4B6EDB07B1
:10796C0002D4970540F1128618EE101A23463246BF
:10797C00584600F069FE0590059845B0BDEC028BA9
:10798C00BDE8F08F46F0100616F0200200F03681AC
:10799C00079B073323F0070319465A6851F8083B35
:1079AC00079126F480610391002100208DF843009B
:1079BC00781C00F01082039820F0800653EA020035
:1079CC0040F00882002F40F03885002940F0D58324
:1079DC00039B13F00103049300F0118430238DF802
:1079EC000F310DF20F1492E7082200215046FCF7DC
:1079FC0085FE01231C44ADE6840B0020B4EB080685
:107A0C0005461BD0199B1A9A01333244072BC9E93E
:107A1C0000861A9219931CDD002A00F0A68318EE3A
:107A2C00101A18AA5846FFF70DFE20BB0DF16C0971
:107A3C00059B33440593002D7FF4A8AE1A9B002BB5
:107A4C0040F0C18518EE103A0022B3F90C301992AF
:107A5C0015E009F10809EBE718EE101A18AA5846B8
:107A6C00FFF7F0FD002800F0A680089B1BB10899D9
:107A7C005846FDF78BFE18EE103AB3F90C3018EEA1
:107A8C00102A526E12F0010F9AB200F0A08050062C
:107A9C0000F1B285059845B0BDEC028BBDE8F08FC6
:107AAC000029CBD000238DF843300123CDE90333DB
:107ABC008DF8AC102BAC002308931F4616F0020374
:107ACC00099302D0039B0233039316F084030A93A9
:107ADC0005D1069B039A9D1A002D00F37B82DDE9EC
:107AEC001903411C9DF8432082B101220133C9F8CE
:107AFC00042007290DF14302CDE91913C9F8002020
:107B0C0000F34A82084609F108090131099AE2B1E9
:107B1C0011AA0233C9F8002007294FF00202CDE95F
:107B2C001913C9F8042040F35082002B00F0438352
:107B3C0018EE101A18AA5846FFF784FD002894D1A5
:107B4C00DDE919030DF16C09411C0A9A802A00F039
:107B5C008481049ABD1A002D00F3D781049AC9F8C8
:107B6C00004013440729CDE91913C9F8042040F348
:107B7C006E81002B00F0758218EE101A18AA584668
:107B8C00FFF760FD00287FF470AF1A9B0DF16C09B4
:107B9C00750705D5069A0399541A002C00F36B82CD
:107BAC00DDE9052103988142ACBF521812180592E9
:107BBC00002B7FF451AF089900231993002900F092
:107BCC0049815846FDF7E2FD0DF16C09C1E59C05B4
:107BDC003FF55DAF18EE104AA06DFCF70BFEA289C5
:107BEC0055E7F006079A00F11F83710640F11983DF
:107BFC0032F9043B0792DA1711466EE616F01003C1
:107C0C00079940F0098316F0400000F001831A46F2
:107C1C0051F8043B07919BB2C3E6079B1A4600231D
:107C2C008DF84330134653F8044B0393002C00F0AB
:107C3C001284532900F0658316F0100540F061831F
:107C4C007B1C00F0B3843A462946204601F0A0FE86
:107C5C000890002800F09F84031B039A049323EAE6
:107C6C00E3732F4607920393089557E6432902D0F6
:107C7C00F50640F12D83079D0822002116A82BAC98
:107C8C00FCF73CFD16AB55F8042B2146584600F08A
:107C9C0031FD03460133049000F0B384049B079537
:107CAC0023EAE373039300238DF8433003E7079B28
:107CBC0053F8042B0692002A80F29C82069A5242B8
:107CCC00CDE9062398F8001046F0040669E598F80B
:107CDC0000108DF8434064E598F8001046F08006DB
:107CEC005FE5424612F8011B2A2900F09684A1F1A7
:107CFC003003092B90464FF000073FF654AD18F8AF
:107D0C00011B07EB870703EB4707A1F13003092B96
:107D1C00F5D948E598F8001046F0010641E59DF8C4
:107D2C004330002B7FF4C2AD202398F800108DF85F
:107D3C00433036E598F800106C2903BF98F8011011
:107D4C0046F0200608F1010846F0100629E598F8DF
:107D5C000010682903BF98F8011046F4007608F16A
:107D6C00010846F040061CE546F010030393039B04
:107D7C0013F0200200F00682079B073323F0070361
:107D8C0019465A6851F8083B079101210DE6079AEC
:107D9C0046F00203039352F8043B079247F6300275
:107DAC00ADF84420B84A0C9202210022FDE5B7063A
:107DBC0000F14882F50600F14683740600F1D58384
:107DCC00B00540F14083079B059953F8042B0793AA
:107DDC001170BEE4039601293FF48CAD022944AC2A
:107DEC0011D10C9803F00F011B09415C04F8011D23
:107DFC0043EA0273120953EA0201F3D1039E44AB26
:107E0C001B1B049383E503F00701DB0843EA427371
:107E1C00D208303153EA0205204604F8011DF2D194
:107E2C00039EF307EBD53029E8D03023023804F851
:107E3C00013C44AB1B1A039E0493044667E5049B68
:107E4C001B9401221C931A9319920DF16C0909F1E0
:107E5C0008099DE60DF16C097BE4069A039D551B00
:107E6C00002D7FF776AE102D40F3BB83099418EEEE
:107E7C00104A07E000F1020C09F108091046103D08
:107E8C00102D1EDD8149C9F80010421C1033102141
:107E9C00072ACDE91923C9F80410EBDD18AA002B29
:107EAC0074D0214658460DF16C09FFF7CBFB002826
:107EBC007FF4DBADDDE91903103D102D00F1010C51
:107ECC00E0DC099C714AC9F804502B44BCF1070F43
:107EDC00CDE919C3C9F8002040F39481002B00F0C0
:107EEC001F8318EE101A18AA5846FFF7ABFB002890
:107EFC007FF4BBAD049ADDE91903BD1A002D00F126
:107F0C0001010DF16C097FF729AE102D29DD0994C3
:107F1C00102718EE104A07E000F1020C09F10809CD
:107F2C001046103D102D1ADD421C58491033072AFB
:107F3C00C9E90017CDE91923EEDD18AA03B32146D0
:107F4C0058460DF16C09FFF77DFB00287FF48DADD1
:107F5C00DDE91903103D102D00F1010CE4DC099C46
:107F6C0061464A4AC9F804502B440729CDE9191334
:107F7C00C9F8002000F3E78009F108090131EDE5AB
:107F8C004FF0010C18460DF16C09CAE74FF0010CCB
:107F9C0018460DF16C0972E7002B00F0048118EE05
:107FAC00101A18AA5846FFF74DFB00287FF45DAD58
:107FBC00DDE919030DF16C09411CA7E5022311AA97
:107FCC001C931B9201210DF16C09084609F108095B
:107FDC00411CBAE5102D40F3E582DDE919130F942D
:107FEC00084618EE104A07E000F1020C09F10809E6
:107FFC001046103D102D1DDD2549C9F80010421CFE
:10800C0010331021072ACDE91923C9F80410EBDD30
:10801C0018AA03B3214658460DF16C09FFF712FB61
:10802C0000287FF422ADDDE91903103D102D00F17D
:10803C00010CE1DC0F9C6046154AC9F804502B4436
:10804C000728CDE91903C9F8002000F3C18009F114
:10805C000809411C46E518464FF0010C0DF16C095E
:10806C00C7E77607199353D5069A0399541A002C2F
:10807C004EDD0DF16C09102C40F3B082199918EEFD
:10808C00106A10250DE000BFCC050020340A00203A
:10809C0010060020881C09F108091146103C102C10
:1080AC001ADD4A1CB3481033072AC9E90005CDE98B
:1080BC001923EFDD18AA33B331465846FFF7C2FA3D
:1080CC0000287FF4D2ACDDE91913103C102C01F11F
:1080DC0001000DF16C09E4DCA64AC9F80440234404
:1080EC000728CDE91903C9F800207FF759AD7BB1FA
:1080FC0018EE101A18AA5846FFF7A4FA00287FF4B5
:10810C00B4AC1A9B4CE5012019460DF16C09C5E77E
:10811C00DDE9053203998A42ACBF9B185B180593C5
:10812C0049E5B2F90C108F0518EE103A8AB23FF5FA
:10813C00E8AA18EE105A986DFCF75AFBB5F90C101A
:10814C008AB2FFF7DEBA002B3FF479AE18EE101AA4
:10815C0018AA5846FFF776FA00287FF486AC1999CE
:10816C001A9B01310DF16C09F8E419920DF16C09AF
:10817C005EE4002F7FF4C3AB039E0027049744AC4E
:10818C00FFF7C5BB039B13F0100354D1039A12F0F5
:10819C00400000F06B8107991A4651F8043B079197
:1081AC009BB2012101E4099A002A64D118460121ED
:1081BC000DF16C09C9E4012118460DF16C09C4E4F8
:1081CC005B4262EB420203962D200121FFF7EEBBCE
:1081DC00002B00F0888018EE101A18AA5846FFF7EA
:1081EC0031FA00287FF441ACDDE919030DF16C097B
:1081FC00411C77E498F800100793FFF7D2BA44AC0F
:10820C00FFF785BB09F108090CF101016046A0E4F8
:10821C0016F4007240F0978151F8043B0791FFF778
:10822C00C0BBB30500F1888152F8043B0792DA1702
:10823C001146FFF752BB079951F8043B07910121F6
:10824C00FFF7B3BB079B059853F8041B0793C217A2
:10825C00C1E90002FFF77DBA0B9B002B3FF426AB64
:10826C000B9B1B78002B3FF421AB98F8001046F4C5
:10827C008066FFF796BA022311AA1C931B92012069
:10828C000DF16C09A2E6039671E53B4B0C9316F0CD
:10829C00200259D0079B073323F0070318465A686E
:1082AC0050F8083B0790F40709D553EA020006D0B2
:1082BC008DF84510302146F002068DF8441026F456
:1082CC00806103910221FFF770BB2C4B0C93DEE70E
:1082DC00079B012153F8042B03918DF8AC200793D5
:1082EC0004912BACDFE49DF84320002A40F032814E
:1082FC00099A002A7FF462AE184601210DF16C092F
:10830C0027E40021082216A81394FCF7F7F9791C2E
:10831C0000F0BC80002507942C460CE02BA9584695
:10832C0000F0E8F9421C204400F06B81B84208DCF4
:10833C0000F070810446139A525916AB0435002A8A
:10834C00ECD10494079CAFE016F0100307980CD105
:10835C0016F0400405D01A4650F8043B07909BB227
:10836C00A1E716F4007240F0E18050F8043B07904E
:10837C0099E700BF10060020CC050020E005002086
:10838C000399049744AC9E4608EE90BA01F48066BB
:10839C004FF0000C234606E0BEF10A0F72F100020A
:1083AC0039D3A6462A46A6491EEB020040F100002E
:1083BC000F46A1FB001424F0030101EB9401401AB9
:1083CC00BEEB00014FF0CC3562F1000405FB01F56A
:1083DC0007FB0455A1FB07410D44052704F00101DF
:1083EC00A1FB071B09186408303103F8011C44EA8F
:1083FC00C5740CF1010C013B6D08002ECCD00B990F
:10840C0009786145C8D1BCF1FF0FC5D0BEF10A0F88
:10841C0072F100026CD21C4644AB1B1B049F039EE2
:10842C00049318EE90BAFFF772BA0396FFF762BA8C
:10843C005846FCF781FEFFF75BB9012903967FF4E0
:10844C00CDACFFF75CBA079B059953F8042B116070
:10845C000793FFF77EB9062F3B46039A794C079298
:10846C0028BF062304930393FFF725BB039B0799AF
:10847C0013F4007214BF51F8043B51F8043B0791FC
:10848C001CBF0246DBB20121FFF78FBA16AB00937B
:10849C000023194613AA584600F08CFA0346013300
:1084AC00049000F0AE801394049B002B30D0632B0F
:1084BC0063DC002308932BAC0822002116A8FCF7E0
:1084CC001DF9049D16AB009313AA2B462146584662
:1084DC0000F070FA854240F0AB80039B049A07933E
:1084EC000023A3541F4622EAE2730393FFF716BA44
:1084FC000E9A0D999B1A18460893FBF743FD0B999E
:10850C00089B4A780AB101310B914FF0000C48E7F7
:10851C00039B0793049B03931F460893FFF7FEB935
:10852C00012118460DF16C09FFF713BB50F8043B01
:10853C0007902246DBB2B6E612F9043B0792DA1733
:10854C001146FFF7CAB951F8043B07910246DBB25A
:10855C00FFF727BA01231C9301210DF143031B9351
:10856C000DF16C090B46FFF7CDBA079B059953F833
:10857C00042B07931180FFF7ECB8591C5846FBF7F6
:10858C0071FD044600283CD0089095E7886DFCF7F7
:10859C0031F9FFF7E9B9039B0793CDE90377089FFE
:1085AC00FFF7BCB919981A9B013045E5039B07935B
:1085BC002046FCF7FDFD20EAE0732F460490039360
:1085CC000895FFF7ABB918EE101A18AA5846FFF722
:1085DC0039F800283FF436AAFFF74DBA1998013044
:1085EC007AE58C466EE46B6ED90705D4AB899A0597
:1085FC0002D4A86DFCF7FEF84FF0FF330593FFF79C
:10860C0049BA18EE102AB2F90C3043F040039381AA
:10861C00FFF735BA079C049746E7079B98F80110BB
:10862C0053F8047B0793904647EAE777FFF7B9B80E
:10863C0018EE102A938943F040039381FFF715BA83
:10864C00CDCCCCCCF405002070B50C468989ADF5A9
:10865C008E6D21F00201ADF81410616E1B91E18951
:10866C00ADF81610E1690991616A0B911CA9029190
:10867C0006914FF4806106460491079118A80021D9
:10868C00CDE900320891FCF7AFF8DDE9003202A920
:10869C003046FFF713F8051E07DB02A9304601F040
:1086AC004BF9002818BF4FF0FF35BDF814305B06AE
:1086BC0003D5A38943F04003A3811898FCF796F8DF
:1086CC0028460DF58E6D70BD82B049B15AB16BB1B3
:1086DC0013780B601278101E18BF012002B070477F
:1086EC0001A9002AF3D1104602B070476FF00100C7
:1086FC00F4E700BF70B5054684B05BB11C4669B1A8
:10870C000E4B2846D3F8E0602346B047431C0FD0ED
:10871C0004B070BD00F582740029F1D1074A2346DC
:10872C00D2F8E06028460A4601A9B047431CEFD1B5
:10873C0000228A2322602B6004B070BD840B0020C1
:10874C0000487047740C002070B500294BD00646C9
:10875C000C4610B1436B002B48D0636ED80734D550
:10876C00B4F90C30002B3ED02146304601F04CF8C9
:10877C00E36A054633B1E169304698470028B8BF33
:10878C004FF0FF35A3891A063CD4216B41B104F19B
:10879C004003994202D03046FCF7F8FF00232363D4
:1087AC00616C21B13046FCF7F1FF00236364FCF7E8
:1087BC00E1FC636E0022DB07A2811FD5A06DFCF7E4
:1087CC0015F8FCF7DDFC284670BDA3899905CBD4C0
:1087DC00A06DFCF70DF8B4F90C30002BC4D1656E0C
:1087EC0015F0010505D00025284670BDFCF7A4FC4A
:1087FC00B3E7A06DFBF7FEFF284670BDA06DFBF73D
:10880C00F9FFDBE721693046FCF7C0FFBDE700BF8D
:10881C0038B5314B1B6805460C4613B15A6B002A10
:10882C004ED0B4F90C3018079AB21CD5216929B373
:10883C0012F0010007D00020A06060694042A061E6
:10884C0039B1002038BD950758BF6069A060002978
:10885C00F7D1120658BF0846F4D543F04003A38164
:10886C004FF0FF3038BDD1062ED5520714D42169F4
:10887C0043F00803A3819AB20029D9D102F42070E5
:10888C00B0F5007FD4D02146284600F027F8B4F983
:10889C000C3021699AB2CBE7216B51B104F1400243
:1088AC00914204D02846FCF771FFB4F90C30002239
:1088BC00226321690022C4E9001223F02403D7E7C4
:1088CC001846FCF739FCACE7092243F040032A6058
:1088DC004FF0FF30A38138BD0C1100202DE9F04181
:1088EC008B890C46990796B008D504F143030122F5
:1088FC00C4E90432236016B0BDE8F081B4F90E105F
:10890C000029064625DB6A4601F0CEF800281FDB5D
:10891C00019D05F47045A5F50055B5FA85F54FF4A4
:10892C0080686D094FF4006741463046FBF79AFBAF
:10893C00E0B1B4F90C30C4F8148043F0800320602B
:10894C002061A38135BB3B43A38116B0BDE8F08108
:10895C00A38913F0800519D04FF04008002541463B
:10896C0030462F46FBF77EFB0028E2D1B4F90C30E1
:10897C009A05C0D423F0030304F1430243F002032D
:10898C000121C4E90421A3812260B4E74FF480687B
:10899C002F46C9E7B4F90E10304601F09BF810B918
:1089AC00B4F90C30CFE7A38923F0030343F00103A0
:1089BC001BB2C8E710B582B0049CCDE900344FF06F
:1089CC00FF3301F025FC02B010BD00BF2DE9F04FC4
:1089DC0003690C69A34283B0C0F28780013C01F1AA
:1089EC001405A30000F11408009355F8243058F82E
:1089FC002420013381469A4208EB840005EB84075E
:108A0C000190B2FBF3F63BD34FF0000CAE46404660
:108A1C00E24663465EF804BB02681FFA8BFC06FB59
:108A2C000C334FEA134C4FEA1B4B06FB0BCC9BB29F
:108A3C00AAEB03031FFA8CFA13FA82F3CAEB124265
:108A4C0002EB23429BB243EA0243774540F8043BD6
:108A5C004FEA224A4FEA1C43DCD2009B58F8033001
:108A6C0073B9019B043B984504D307E0984504F186
:108A7C00FF3403D253F80429002AF7D0C9F8104068
:108A8C004846FCF751F900282BDB01364146002300
:108A9C0055F8040BD1F800C082B29A1A030C12FAE2
:108AAC008CF2C3EB1C4303EB224392B242EA034227
:108ABC00AF4241F8042B4FEA2343E9D258F8242063
:108ACC0008EB84036AB9043B984504D307E0984546
:108ADC0004F1FF3403D253F80429002AF7D0C9F863
:108AEC001040304603B0BDE8F08F002003B0BDE865
:108AFC00F08F00BF000000002DE9F04F2DED028B30
:108B0C008FB08DED020B0191816B1A9D059357EC83
:108B1C00106B0446934641B1C26B4A6001239340EB
:108B2C008B60FBF7A1FE0023A363B7F10008B4BF71
:108B3C00012300232B60BE4BBCBF28F00048CDF8AE
:108B4C000C8033EA080300F09F809DED028BB5EE9C
:108B5C00408BF1EE10FA11D1059A012313601B9B87
:108B6C00002B00F03F82B34B1B9A1360013B009328
:108B7C0000980FB0BDEC028BBDE8F08F0CAA0DA9CC
:108B8C002046B0EE480BFCF79BF95FEA18530546FC
:108B9C0040F09280DDE90C130B4403F23242202AA0
:108BAC0040F3FA82C2F1400208FA02F803F21242D0
:108BBC00D64048EA060207EE102AB8EE477B581E4C
:108BCC0017EE906A53EC172B4FF0010AA6F1F873CD
:108BDC009FED913B9FED927B9FED935B06EE900A90
:108BEC0043EC122BB8EEE64BB7EE086B32EE466B4D
:108BFC00A6EE037BA4EE057BFDEEC76BB5EEC07B4A
:108C0C00F1EE10FA16EE907A08D5B8EEE66BB4EEEB
:108C1C00476BF1EE10FA18BF07F1FF37162F00F271
:108C2C004581854B03EBC70393ED007BB4EEC78BFB
:108C3C00F1EE10FA57D5091A0023B1F1010807F12A
:108C4C00FF370A9300F1398100230693002F52DA83
:108C5C00069B0497DB1B06937B420893019B092B15
:108C6C004FF000074ED8052B40F39D82043B019337
:108C7C000026019B9A1E032A00F22581DFE812F0E0
:108C8C00AA03A7039D037E03059AC8F3130842F2B7
:108C9C000F7358EA060813601ED11B9B002B00F0C3
:108CAC009185664B009308331B9A009813600FB0A4
:108CBC00BDEC028BBDE8F08F18EE906AC6F313067C
:108CCC00A3F2FF3053EC182B46F07F530C994FF066
:108CDC00000A43F440137BE71B9B002B40F03B83C3
:108CEC00574B009344E7091A0023B1F101080A938A
:108CFC0000F1E380069300230893019B0497092B52
:108D0C00B844B0D900230126019307964FF0FF39E0
:108D1C009B460021E163CDF82C902046FBF77EFDAD
:108D2C000090002800F04085009BA363B9F10E0F62
:108D3C0000F2DC80002E00F0D980049B002B40F365
:108D4C00DE833D4A03F00F0102EBC10292ED007B82
:108D5C001A11DB0540F182833A4991ED086B02F060
:108D6C000F02032088EE065B5AB13649D60704D5AC
:108D7C0091ED006B013027EE067B521001F10801DA
:108D8C00F4D185EE076B0A9B3BB1B7EE007BB4EEDA
:108D9C00C76BF1EE10FA00F1AE8407EE900AB8EE54
:108DAC00E75BB1EE0C7BA5EE067B17EE902A51EC3F
:108DBC00170BA2F15071B9F1000F00F08883049EDB
:108DCC004A46079B002B00F04784B6EE003B1A4B3B
:108DDC00FDEEC64B03EBC20CB8EEE47B36EE477BE4
:108DEC001CED026B83EE065B41EC160B14EE900A45
:108DFC0035EE465B0099B4EEC75B3030F1EE10FAFD
:108E0C0001F8010B00F3AC84B7EE002BB2EE044B6F
:108E1C004FF0000C31E000BF61436F63A787D23F76
:108E2C00B3C8608B288AC63FFB799F501344D33F4D
:108E3C000000F07FFD050020A80200205005002056
:108E4C005C050020800200200CF1010C94454DDAE9
:108E5C0027EE047B25EE045BFDEEC76B16EE903A15
:108E6C00B8EEE63B303337EE437BB4EEC57BF1EE28
:108E7C0010FA01F8013B00F1738432EE476BB4EE4B
:108E8C00C56BF1EE10FADFD5009A049602E08A4227
:108E9C0000F05084894611F8013D392BF7D001338D
:108EAC00DBB20B70049B0133049355E1091A0123C7
:108EBC00B1F101080A937FF5C7AEC1F10103069326
:108ECC004FF00008C2E60026E66331462046FBF769
:108EDC00A5FC0090002800F06784009BA3634FF072
:108EEC00FF330B9399460123B34607930D9A002A3F
:108EFC0055DB04990E2952DCB74BBBF1000F03EB89
:108F0C00C10393ED006B15DAB9F1000F12DC40F0E0
:108F1C00F282B1EE047B26EE077BB4EEC78BF1EE4A
:108F2C0010FACA464E4600F26D82DDF800806FEAF8
:108F3C000B0B70E288EE067BBDEEC77B009917EE3B
:108F4C00103AB9F1010F03F13003B8EEC75B01F829
:108F5C00013BA5EE468B00F03483B2EE044B0123AB
:108F6C0011E088EE067BBDEEC77B013317EE102AAD
:108F7C004B4502F13002B8EEC75B01F8012BA5EEB0
:108F8C00468B00F01E8328EE048BB5EE408BF1EE81
:108F9C0010FAE6D1049B013304938946DCE0079B6D
:108FAC0043B3019B012B40F37682089B09F1FF3AF6
:108FBC00534580F23F82089BCDF820A0AAEB030218
:108FCC0017444FF0000AB9F1000FC0F22583069B3D
:108FDC0009934B44C844069301212046FBF7F0FC4F
:108FEC0006460CE07D4B009300980FB0BDEC028B55
:108FFC00BDE8F08F069BDDF820A0079E0993099B26
:10900C006BB1B8F1000F0ADD434506991A46A8BFAB
:10901C004246891A9B1A06910993A8EB0208089BF1
:10902C0063B1079B002B00F0A782BAF1000F00F38D
:10903C000482089BB3EB0A0240F0FF820121204618
:10904C00FBF7BEFC002F824600F3AF80019B012B87
:10905C0040F38781002308930120002F40F0B1805A
:10906C00404410F01F0000F07A81C0F12002042A65
:10907C0000F3888040F0F681069B002B05DD294625
:10908C001A462046FBF7D8FD0546B8F1000F05DD62
:10909C00514642462046FBF7CFFD82460A9B002BE9
:1090AC0040F03F81B9F1000F40F32581079B002B65
:1090BC0040F0A380049B01330493DDF8008001276A
:1090CC0007E0294600230A222046FBF7D7FB01378D
:1090DC00054651462846FFF779FCB94500F13000AA
:1090EC0008F8010BEDDCB9F1000F009ACCBFCB46B0
:1090FC004FF0010B034693440027294601222046DA
:10910C000193FBF799FD51460546FBF70DFE002830
:10911C0040F3AF811BF8013C009A0BF1FF3B04E0DC
:10912C005A4500F0B1811BF8013D392B0BF10109B7
:10913C00F6D001338BF8003051462046FBF794FBF8
:10914C0056B12FB1B74203D039462046FBF78CFB02
:10915C0031462046FBF788FB29462046FBF784FB6B
:10916C00002389F80030DDE904231A601B9B002BD7
:10917C003FF4FEAC0098C3F800900FB0BDEC028B2E
:10918C00BDE8F08FC0F11C00069B03440693099BBD
:10919C000344099380446FE7C2F1200206FA02F2FD
:1091AC0007EE102A09E5012663E501463A462046FA
:1091BC00FBF7E2FC019B012B824640F3C5810023A7
:1091CC000893DAF810200AEB82021069FBF7A8FB6F
:1091DC00C0F1200044E700BFA8020020FC050020DD
:1091EC00314600230A222046FBF748FB0B9B002B41
:1091FC00064640F3CE8204979946099B002B05DD69
:10920C0031461A462046FBF717FD0646089B002BF5
:10921C0040F0EB81B046029B009F03F001027B1EE5
:10922C004B440893019B0A921343099351462846D9
:10923C00FFF7CCFB314683462846FBF775FD4246CB
:10924C00514681462046FBF791FDC26801460BF161
:10925C003003002A42D1CDE906032846FBF764FD12
:10926C00069902902046FBF7FFFA029A079B1AB95F
:10927C000999002900F07E82B9F1000FC0F28381B8
:10928C00019949EA01090A9951EA090900F07B811F
:10929C00002A00F3C681089A3B7007F10109974236
:1092AC00CB4600F0C481294600230A222046FBF756
:1092BC00E5FA4645054631464FF000034FF00A02E9
:1092CC00204612D0FBF7DAFA4146064600230A2262
:1092DC002046FBF7D3FA4F468046A7E72046029379
:1092EC00FBF7C2FA029B0122C6E7FBF7C7FA4F460F
:1092FC00064680469AE7019B022B71DC079B002BEC
:10930C007FF47BAF049B5146013328460493FFF74F
:10931C005DFBDDF800B000F130030BF8013B0027DA
:10932C00EBE651462846FBF7FFFC0028BFF6BAAE29
:10933C00294600230A222046FBF7A0FA049B5F1E55
:10934C00079B0546002B7FF44BAF0B9B002B40F388
:10935C0018829946B1E6BC4B00930333A4E41C205D
:10936C0012E7DDE9020100287FF474AEC1F31302A9
:10937C00002A00F0F480029B08936DE6012307930A
:10938C00049B5B4403F10109B9F1010FCC460B932B
:10939C00B8BF4FF0010C0021BCF1170FE1637FF750
:1093AC00BCAC01200422520002F1140363450146B7
:1093BC0000F10100F7D9E163AFE401230793BBF19E
:1093CC00000F52DDCDF82CB0D946DC46E3E7002384
:1093DC000793D5E700230793F1E7DDF82C9004976A
:1093EC00B9F1000F7FF4A1AD51464B460522204642
:1093FC00FBF744FA014682462846FBF795FC002809
:10940C007FF793AD049B03F1010B009B312298462F
:10941C0003F8012B009351462046FBF725FA0BF17C
:10942C000103DDF800900493CDF80080002E7FF44A
:10943C008FAE91E6A3EB0A0AC5E5314652462046AB
:10944C00FBF79AFB2A46014606462046FBF7E6FA4E
:10945C00294605462046FBF707FAEAE50220B0EE5E
:10946C00485B81E4C0F13C008EE64FF0010BD9461D
:10947C004FE403D1019BDB073FF54CAED9461BF8FB
:10948C00013D302BFAD057E6049B009A013304932C
:10949C003123137050E6BAF1000F00F0238102F271
:1094AC003342069B09931344DDF820A006939044A5
:1094BC0092E507EE900AB1EE0C5BB8EEE77BA6EEF8
:1094CC00075B15EE902A51EC150BA2F1507141EC93
:1094DC00150BB1EE047B36EE477BB4EEC57BF1EE9B
:1094EC0010FA00F33781B1EE455BB4EEC57BF1EEBB
:1094FC0010FA7FF5FBAC4FF0000A564615E500F06C
:10950C00F580049B51495A4202F00F0001EBC00157
:10951C0091ED006B121128EE066B00F04281B0EE5B
:10952C00467B4B4900260220D30705D591ED005B05
:10953C000130012627EE057B521001F10801F3D111
:10954C00002E06FE076B1EE4029B002B7FF437AE49
:10955C00DDE90201C1F31302002A40F037813D4AD4
:10956C000A40002A00F0FA80069B0133069301237F
:10957C0008F1010808936FE52946089A2046FBF785
:10958C00FBFA05465AE5002A12DD2946012220463F
:10959C000193FBF751FB51460546FBF7C5FB002831
:1095AC00019B40F3E180392B00F0CA800BF13103B1
:1095BC00B94609F8013B049B0133374604934646F0
:1095CC00BAE538EE088BB4EEC68BF1EE10FA0ADC75
:1095DC00B4EE468BF1EE10FA7FF4DCAC17EE103AD9
:1095EC00D8077FF5D7AC009A54E471682046FBF796
:1095FC0015F90746002800F0DE80336902339A0023
:10960C0006F10C010C30F8F78DFF3946012220468B
:10961C00FBF712FB8046FEE5069BA3EB09030993BF
:10962C00DAE4392B00F08C80B9460133C1E7049A97
:10963C0001323746049246465FE529462046FBF741
:10964C009BFA0546FAE400BF5C050020A802002046
:10965C00800200200000F07F5E4BFDEEC65B03EB4A
:10966C00C20C1CED023BB8EEE57B36EE477B41ECC1
:10967C00160B15EE901A23EE063B00983031012A9A
:10968C0000F8011B00F08380B2EE044B009B99188C
:10969C0027EE047BFDEEC76B16EE903A303300F8E4
:1096AC00013B8142B8EEE65B37EE457BF0D1B6EE7E
:1096BC00006B33EE065BB4EEC75BF1EE10FA3FF5D0
:1096CC00E3AB36EE436BB4EEC76BF1EE10FA7FF7FB
:1096DC000DAC8946013919F8013C302BF9D0731CBB
:1096EC00049339E50C9AC2F13602DAE60220B0EEA8
:1096FC00486BFFF748BBB9F1000F3FF4DAAE0B9A99
:10970C00002A7FF7F3ABB2EE044B26EE046B01306C
:10971C0007EE900A049BB8EEE75BB1EE0C7BA6EE6D
:10972C00057B17EE90CA51EC170B5E1EACF1507115
:10973C00FFF747BB049B013304933123FFF7B1BB05
:10974C00049BBB4601330493392337460BF8013B8A
:10975C004646E1E44FF0000A564653E608927BE495
:10976C00731C04938946F7E47FF422AFDA077FF584
:10977C001FAF18E7392BE3D0B9F1000F3FF716AF45
:10978C0016E7019B022B3FF728AE0497BAE501467A
:10979C008DE7019B022B3FF720AEDDF82C90049750
:1097AC002BE50220FFF7EFBA0B4B0C48002240F2DE
:1097BC00AF11FAF783FF084B08483A4640F2EF2105
:1097CC00FAF77CFF064B0093FFF7D2B9029B089384
:1097DC00F7E400BFA8020020DC0300206005002095
:1097EC005005002038B5074D0022044608462A6073
:1097FC00F9F746F8431C00D038BD2B68002BFBD082
:10980C00236038BD3C1A0020B1F90C202DE9F04141
:10981C000C461107804647D4636842F40062002B63
:10982C00A2815EDDA56A002D58D00023D8F8006017
:10983C00C8F8003093B212F4805256D10123E1697A
:10984C004046A847431C67D0A389A56A5F0705D586
:10985C006368C01A236B0BB1E36BC01AE169024653
:10986C0000234046A847411C41D1D8F80030002BBA
:10987C003DD01D2B01D0162B56D1A3892269226015
:10988C0023F4006300216160A381216BC8F80060A0
:10989C0021B304F14003994202D04046FBF776FF16
:1098AC0000202063BDE8F0812669BEB193B2256823
:1098BC0026609A070CBF63690023AD1BA3600BE005
:1098CC002B463246E169676A4046B847B0F1000C56
:1098DC00A5EB0C05664417DD002DF1DC0020BDE87E
:1098EC00F081E36B002B9DDCF8E7206DAEE7B4F95B
:1098FC000C302269226023F40063A3810022DB0474
:10990C006260C2D52065C0E7A38943F040034FF0E5
:10991C00FF30A381BDE8F081D8F80030002B93D044
:10992C001D2B06D0162B04D0A38943F04003A38132
:10993C00D5E7C8F80060D1E738B50C46054608B144
:10994C00436B03B3B4F90C0088B1636EDB0701D42D
:10995C0081050FD528462146FFF756FF636EDA07BF
:10996C00054602D4A3899B0508D5284638BD054673
:10997C00284638BDA06DFAF73BFFEBE7A06DFAF770
:10998C0039FF284638BDFBF7D7FBDBE700000000AA
:10999C0001F0FF01102A2BDB10F0070F08D010F894
:1099AC00013B013A8B422DD010F0070F42B3F6D198
:1099BC00F0B441EA012141EA014122F007047FF0B1
:1099CC0000070023F0E80256083C85EA010586EA08
:1099DC00010685FA47F5A3FA87F586FA47F6A5FA44
:1099EC0087F68EB9EED1F0BC01F0FF0102F0070250
:1099FC0032B110F8013B013A83EA010313B1F8D1FB
:109A0C000020704701387047002D06BF35460338DB
:109A1C00073815F0010F07D1013015F4807F02BF14
:109A2C00013015F4C03F0130F0BC0138704700BF65
:109A3C0030B482B08DED000B019A194C22F000432A
:109A4C000021A342016021DC009C1C431ED0154C5C
:109A5C00144054B99FED107B20EE077B8DED007BFD
:109A6C00019A6FF0350122F0004322F0FF42DDE94C
:109A7C00004522F4E00242F07F551B1545F4001519
:109A8C00A3F2FE33CDE900450B4403609DED000BC2
:109A9C0002B030BC704700BF000000000000504313
:109AAC00FFFFEF7F0000F07F70B50C46084D0346BA
:109ABC000026204611461C462E60F8F7E5FE431C96
:109ACC0000D070BD2B68002BFBD0236070BD00BF95
:109ADC003C1A002038B5074D0022044608462A607F
:109AEC00F8F7D8FE431C00D038BD2B68002BFBD0F8
:109AFC00236038BD3C1A002038B50C46084D84460E
:109B0C00114620461A4600232B606446F8F7C4FE23
:109B1C00431C00D038BD2B68002BFBD0236038BD14
:109B2C003C1A002038B50C46084D84461146204698
:109B3C001A4600232B606446F8F7A0FE431C00D0A5
:109B4C0038BD2B68002BFBD0236038BD3C1A00209D
:109B5C002DE9F04782B0824688461446FAF74CFE4F
:109B6C00012803D108F1FF33FE2B36D90DF104097E
:109B7C00424604F15C0349465046FEF7BBFD421CCD
:109B8C00064632D020B39DF804C0002509E02368B6
:109B9C005A1C226083F800C00135B54218D219F85E
:109BAC0001CFA368013B002BA360F0DAA769BB428D
:109BBC0061462246504602DBBCF10A0FE7D100F0A9
:109BCC004BFA431CE8D10646304602B0BDE8F0879C
:109BDC004646304602B0BDE8F0875FFA88FC8DF847
:109BEC0004C006460DF10409CFE7A389304643F0C3
:109BFC004003A38102B0BDE8F08700BF30B5536EBF
:109C0C0013F0010FB2F90C30144683B005469AB22A
:109C1C0001D198051CD5900406D4626E43F4005310
:109C2C0042F40052A381626622462846FFF790FF59
:109C3C00636EDA07054602D4A3899B0502D5284634
:109C4C0003B030BDA06DFAF7D5FD284603B030BD8A
:109C5C00A06D0191FAF7CCFDB4F90C3001999AB2D0
:109C6C00D9E700BF9368002B00F085802DE9F04FF9
:109C7C00B1F90C300C461907804683B0174698B2E0
:109C8C0025D523691BB310F002033D682DD04FF08E
:109C9C00000ADFF8C0B25646B9465E453346524616
:109CAC0028BF5B464046002E52D0E169676AB84730
:109CBC00002856DDD9F808301B1A8244361AC9F828
:109CCC000830002BE9D1002003B0BDE8F08F21460D
:109CDC004046FEF79DFD002840F03881B4F90C3069
:109CEC003D6898B210F00203D1D110F0010944D1B3
:109CFC004E46009746B38205D4F808B040F18580F3
:109D0C00B3455A4600F2B48010F4906F40F0C18015
:109D1C00206801924946FAF755FCA368019AA3EB17
:109D2C000B012368A1601344B24623600026009AFD
:109D3C009368A3EB0A03D1449360002BC3D0B4F90E
:109D4C000C0080B2002ED6D1D5E900960835D1E7AB
:109D5C00D5E900A60835A0E721464046FFF7ECFD03
:109D6C0088B3B4F90C3043F040034FF0FF30A381BB
:109D7C0003B0BDE8F08F002070471E46BA469946E6
:109D8C00184600951F4666B3002832D04A46D4E9DF
:109D9C0004132068A568B24228BF3246884204D911
:109DAC0005EB030B5A4500F3A780934264DCE16991
:109DBC00656A3A464046A847B0F1000BD1DDB9EBD5
:109DCC000B09C9D00120DAF80830A3EB0B035F4470
:109DDC00A6EB0B06CAF80830002B3FF474AF002E2C
:109DEC00D2D1009A5668134608320092002EF8D051
:109DFC001F6832460A213846FFF7CAFD002800F0DA
:109E0C009C800130A0EB0709C0E7206823699842C9
:109E1C0016D86269B24213D86FF00043B34228BF20
:109E2C003346E16993FBF2F3676A02FB03F34046A6
:109E3C004A46B847B0F1000A93DDA6EB0A0676E76E
:109E4C00B345DA4628BFB24652464946FAF7BAFB42
:109E5C00A3682268A3EB0A035244A3602260002B80
:109E6C00EBD121464046FFF767FD0028E5D078E7A7
:109E7C002068B34632464CE739460192FAF7A2FB0A
:109E8C00019AA3689B1AA36023681344236093462A
:109E9C0095E723682169A3EB010B636903EB430A84
:109EAC000AEBDA7A0BF101034FEA6A0A33445345A1
:109EBC00524684BF9A46524643052CD5114640461D
:109ECC00FAF7D0F800283BD05A4621690190F8F7F0
:109EDC0029FBA289019B22F4906242F08002A281AC
:109EEC0003EB0B002361AAEB0B03C4F814A0A360D3
:109EFC002060B34632460CE739465A46FAF762FB05
:109F0C0023685B44236021464046FFF715FD00287B
:109F1C003FF455AF25E74046FBF7FCF90346002814
:109F2C00DED121694046FBF731FCB4F90C300C2230
:109F3C0023F08003C8F8002015E7721C914626E731
:109F4C000C22B4F90C30C8F800200CE74FF0FF30AD
:109F5C00BAE600BF00FCFF7F2DE9F04F936817684D
:109F6C0083B09246002B70D081468A6808680C46F4
:109F7C00083743E0A38913F4906F2ED0D4E904166C
:109F8C00A0EB010806EB460606EBD67608F10100BD
:109F9C0076102844B042324684BF064632465B05F2
:109FAC0037D511464846FAF75DF8019000283AD0AB
:109FBC0042462169F8F7B6FAA289019B22F4906215
:109FCC0042F08002A281A6EB080203EB0800666156
:109FDC00A260236120602E46A84642465946FAF7F5
:109FEC00F1FADAF80830A2682068921B40445B1B37
:109FFC00A2602060CAF808303BB3083757E902B5B5
:10A00C00002DFAD0AA4216469046B3D92E46A84641
:10A01C00E3E74846FBF77EF903460028D3D12169D4
:10A02C004846FBF7B3FBA3890C2243F04003C9F865
:10A03C0000204FF0FF30A38100220023CAF8082033
:10A04C00CAF8043003B0BDE8F08F00200023CAF832
:10A05C00043003B0BDE8F08FF8B50D461446064643
:10A06C0010B1436B002B4CD0B4F90C20A369A36046
:10A07C00170790B21BD52369CBB1EDB281042F46E3
:10A08C0022D522686169D31A994229DD0133A1686E
:10A09C000139A160511C2160157062699A4227D068
:10A0AC00A389DB0701D50A2D22D03846F8BD2146FD
:10A0BC003046FEF7ADFB08BBB4F90C20236990B217
:10A0CC00EDB281042F46DCD442F40052A281626EC0
:10A0DC00616922F4005262662268D31A9942D5DC77
:10A0EC0021463046FFF728FC40B922680123CEE711
:10A0FC0021463046FFF720FC0028D6D04FF0FF3722
:10A10C00D3E7FBF719F8AFE72DE9F04F8BB0DDE99A
:10A11C00158A149F0391814605921E46B8F1000FD3
:10A12C005CD0039B002B5ED0059B1D68002F6AD072
:10A13C00741E4EB3039B0493043D002601950BE063
:10A14C00039B2BBB019B1A68002A3AD0BC455CD2FE
:10A15C00013C631C664617D0D8F800300293019B73
:10A16C00DAF8E05053F8042F019307A94346484608
:10A17C00D8F804B0A847421C3AD000EB060CBC45FA
:10A18C00DED9029BC8E9003B30460BB0BDE8F08F2E
:10A19C0000280EDD049B019D18445A1E07A900F1EE
:10A1AC00FF3E11F8013B02F8013F7245F9D10195D0
:10A1BC000490059B1A6804321A60019B1A68002AE5
:10A1CC00C4D1039B0BB1059B1A600CF1FF36002226
:10A1DC003046C8F800200BB0BDE8F08F039B00F5AB
:10A1EC008678002BA0D1059B4FF0FF371D689FE7A9
:10A1FC0006468A2100223046C9F80010C8F8002013
:10A20C000BB0BDE8F08F3E46BEE76646BCE700BF2C
:10A21C0010B584B0054C069800900798019004483E
:10A22C0000680294FFF770FF04B010BD840B00208F
:10A23C000C110020000000005FF800F0AD1A006067
:10A24C005FF800F0051A006000000000000000003C
:04A25C00F8B500BF92
:10A2600000000000000000000000000000000000EE
:10A2700000000000000000000000000000000000DE
:10A2800000000000000000000000000000000000CE
:10A2900000000000000000000000000000000000BE
:10A2A00000000000000000000000000000000000AE
:10A2B000000000000000000000000000000000009E
:10A2C000000000000000000000000000000000008E
:10A2D000000000000000000000000000000000007E
:10A2E000000000000000000000000000000000006E
:10A2F000000000000000000000000000000000005E
:10A30000000000000000000000000000000000004D
:10A31000000000000000000000000000000000003D
:10A32000000000000000000000000000000000002D
:10A33000000000000000000000000000000000001D
:10A34000000000000000000000000000000000000D
:10A3500000000000000000000000000000000000FD
:10A3600000000000000000000000000000000000ED
:10A3700000000000000000000000000000000000DD
:10A3800000000000000000000000000000000000CD
:10A3900000000000000000000000000000000000BD
:10A3A00000000000000000000000000000000000AD
:10A3B000000000000000000000000000000000009D
:10A3C000000000000000000000000000000000008D
:10A3D000000000000000000000000000000000007D
:10A3E000000000000000000000000000000000006D
:10A3F000000000000000000000000000000000005D
:10A40000000000000000000000000000000000004C
:10A41000000000000000000000000000000000003C
:10A42000000000000000000000000000000000002C
:10A43000000000000000000000000000000000001C
:10A44000000000000000000000000000000000000C
:10A4500000000000000000000000000000000000FC
:10A4600000000000000000000000000000000000EC
:10A4700000000000000000000000000000000000DC
:10A4800000000000000000000000000000000000CC
:10A4900000000000000000000000000000000000BC
:10A4A00000000000000000000000000000000000AC
:10A4B000000000000000000000000000000000009C
:10A4C000000000000000000000000000000000008C
:10A4D000000000000000000000000000000000007C
:10A4E0000080E03779C34143176E05B5B5B8934690
:10A4F000F5F93FE9034F384D321D30F94877825A5C
:10A500003CBF737FDD4F1575000000000000F03F79
:10A51000000000000000244000000000000059403E
:10A520000000000000408F40000000000088C34091
:10A5300000000000006AF8400000000080842E4106
:10A5400000000000D01263410000000084D7974152
:10A550000000000065CDCD41000000205FA0024258
:10A56000000000E876483742000000A2941A6D42CD
:10A57000000040E59C30A2420000901EC4BCD642C0
:10A5800000003426F56B0C430080E03779C341436B
:10A5900000A0D8855734764300C84E676DC1AB43E1
:10A5A000003D9160E458E143408CB5781DAF1544FF
:10A5B00050EFE2D6E41A4B4492D54D06CFF08044DA
:10A5C000F64AE1C7022DB544B49DD9794378EA44EF
:10A5D000202000000000000000000000E90600004C
:10A5E00075160000711600006D1600006916000057
:10A5F000290700002D070000651600002C20667555
:10A600006E6374696F6E3A200000000061737365B9
:10A610007274696F6E2022257322206661696C65F1
:10A62000643A2066696C6520222573222C206C69AF
:10A630006E65202564257325730A000042616C6CE9
:10A640006F63207375636365656465640000000073
:10A650002F646174612F6A656E6B696E732F776FFB
:10A66000726B73706163652F474E552D746F6F6CFD
:10A67000636861696E2F61726D2D31312F73726362
:10A680002F6E65776C69622D63796777696E2F6EBF
:10A6900065776C69622F6C6962632F7374646C698F
:10A6A000622F6D707265632E630000000020202011
:10A6B0002020202020202828282828202020202072
:10A6C0002020202020202020202020202088101042
:10A6D000101010101010101010101010100404049E
:10A6E000040404040404041010101010101041415C
:10A6F000414141410101010101010101010101014A
:10A70000010101010101010110101010101042425D
:10A710004242424202020202020202020202020219
:10A7200002020202020202021010101020000000B9
:10A730000000000000000000000000000000000019
:10A740000000000000000000000000000000000009
:10A7500000000000000000000000000000000000F9
:10A7600000000000000000000000000000000000E9
:10A7700000000000000000000000000000000000D9
:10A7800000000000000000000000000000000000C9
:10A7900000000000000000000000000000000000B9
:10A7A00000000000000000000000000000000000A9
:10A7B000496E66696E697479000000004E614E0052
:10A7C0002F646174612F6A656E6B696E732F776F8A
:10A7D000726B73706163652F474E552D746F6F6C8C
:10A7E000636861696E2F61726D2D31312F737263F1
:10A7F0002F6E65776C69622D63796777696E2F6E4E
:10A8000065776C69622F6C6962632F7374646C691D
:10A81000622F64746F612E6300000000494E460091
:10A82000696E66004E414E006E616E00303132330B
:10A83000343536373839616263646566000000007C
:10A840003031323334353637383941424344454666
:10A8500000000000286E756C6C29000030000000BC
:10A8600020202020202020202020202020202020E8
:10A8700020202020202020202020202020202020D8
:10A8800000000042C8801F40B8821F40080000003E
:10A8900000000042C4801F40B4821F40040000003A
:10A8A00000C0004224801F4014821F40100000009E
:10A8B00000C0004228801F4018821F402000000076
:10A8C00000C000422C801F401C821F40400000003E
:10A8D00000C0004234801F4024821F40000100005D
:10A8E0000040004264811F4054831F400004000068
:10A8F0000040004280811F4070831F400000020022
:10A90000004000427C811F406C831F40000001001A
:10A910000040004268811F4058831F40000800002B
:10A92000004000423C811F402C831F40010000007A
:10A930000040004244811F4034831F400400000057
:10A940000040004240811F4030831F400200000051
:10A950000040004248811F4038831F40080000002B
:10A960000000004204811F40F4821F4000000400E8
:10A970000000004208811F40F8821F4000000800CC
:10A980000000004218811F4008831F400000800023
:10A990000000004214811F4004831F40000040005B
:10A9A0000000004200811F40F0821F4000000200B2
:10A9B00000000042FC801F40EC821F4000000100AC
:10A9C0000000004224811F4014831F400000000447
:10A9D0000000004228811F4018831F40000000082B
:10A9E000000000421C811F400C831F40000000013A
:10A9F0000000004220811F4010831F400000000221
:10AA000000000042EC801F40DC821F40001000006C
:10AA100000000042F0801F40E0821F400020000044
:10AA20000000004234811F4024831F40000000408A
:10AA30000000004238811F4028831F400000008032
:10AA40000080004294801F4084821F400000040068
:10AA500000C0004290801F4080821F4000000080A4
:10AA600000800042A8801F4098821F4000008000A4
:10AA700000800042A4801F4094821F4000004000DC
:10AA8000004000426C811F405C831F4000100000AA
:10AA900000C0004230801F4020821F408000000024
:10AAA00000800042C8811F40B8831F400080000022
:10AAB00000800042C4811F40B4831F40004000005A
:10AAC00000800042C0811F40B0831F400020000072
:10AAD00000800042BC811F40AC831F40001000007A
:10AAE00000800042D0811F40C0831F400000020050
:10AAF00000800042CC811F40BC831F400000010049
:10AB00004D4158204652414D4553204552524F52D7
:10AB1000000000004552524F5250524F434553538C
:10AB2000494E47544F4F534C4F573A206379636C0B
:10AB300065733D25642C20726563657074696F6E62
:10AB400049734163746976653D25642C20636F6E9B
:10AB5000736563757469766553616D706C65733D7B
:10AB6000256400004552524F525452414E534954AD
:10AB7000494F4E3A20696E64657854783D256400EB
:10AB80004552524F52504152495459004552524F2A
:10AB90005253594E430000005B44454255475D20E7
:10ABA000000000005B454F54585D000005000000A8
:10ABB000190000007D0000002E0000004C435F43A0
:10ABC0004F4C4C41544500004C435F435459504551
:10ABD000000000004C435F4D4F4E45544152590018
:10ABE0004C435F4E554D4552494300004C435F5422
:10ABF000494D45004C435F4D455353414745530034
:10AC000000010000101100201200000000060000EA
:10AC1000F01B00600A000000000200008C1B0060B6
:10AC20006200000000070000281B006062000000B6
:10AC3000EE0300004C11002012000000000004EEA2
:10AC4000241100202800000000030000241B0060E5
:10AC500000000000010309040C1B0060000000005C
:10AC600002030904F41A0060000000000303090451
:10AC70006011002000000000000000000000000043
:10AC80000000000030303030303030303030303084
:10AC900030303030303030303030303030303030B4
:10ACA000303030300000000000000000F0180020BC
:10ACB00058190020C019002000000000000000000A
:10ACC0000000000000000000000000000000000084
:10ACD0000000000000000000000000000000000074
:10ACE0000000000000000000000000000000000064
:10ACF0000000000000000000000000000000000054
:10AD00000000000000000000000000000000000043
:10AD10000000000000000000000000000000000033
:10AD20000000000000000000000000000000000023
:10AD30000000000000000000000000000000000013
:10AD400001000000000000000E33CDAB34126DE6B0
:10AD5000ECDE05000B000000000000000000000019
:10AD600000000000000000000000000000000000E3
:10AD700000000000000000000000000000000000D3
:10AD800000000000000000000000000000000000C3
:10AD900000000000000000000000000000000000B3
:10ADA00000000000000000000000000000000000A3
:10ADB0000000000000000000000000000000000093
:10ADC00000000000000000000029DE07007B9A1749
:10ADD0007C03002000000000E803000000000000E9
:10ADE0008030202043000000000000000000000030
:10ADF0000000000000000000000000000000000053
:10AE000000000000430000000000000000000000FF
:10AE10000000000000000000000000000000000032
:10AE200000000000430000000000000000000000DF
:10AE30000000000000000000000000000000000012
:10AE400000000000430000000000000000000000BF
:10AE500000000000000000000000000000000000F2
:10AE6000000000004300000000000000000000009F
:10AE700000000000000000000000000000000000D2
:10AE8000000000004300000000000000000000007F
:10AE900000000000000000000000000000000000B2
:10AEA000000000004300000000000000000000005F
:10AEB0000000000000000000000000000000000092
:10AEC000000000005D3E0000D96A000000000000A4
:10AED0004C04002058090020A8030020A8030020EB
:10AEE000A8030020A8030020A8030020A803002036
:10AEF000A8030020A8030020A8030020FFFFFFFFF5
:10AF0000FFFFFFFFFFFFFFFFFFFF000001004153B6
:10AF1000434949000000000000000000000000005C
:10AF2000000000000000000000000000000041538D
:10AF3000434949000000000000000000000000003C
:10AF40000000000000000000000000000000000001
:10AF50000000000000000000F00C0020F00C0020B9
:10AF6000F80C0020F80C0020000D0020000D00203F
:10AF7000080D0020080D0020100D0020100D0020ED
:10AF8000180D0020180D0020200D0020200D00209D
:10AF9000280D0020280D0020300D0020300D00204D
:10AFA000380D0020380D0020400D0020400D0020FD
:10AFB000480D0020480D0020500D0020500D0020AD
:10AFC000580D0020580D0020600D0020600D00205D
:10AFD000680D0020680D0020700D0020700D00200D
:10AFE000780D0020780D0020800D0020800D0020BD
:10AFF000880D0020880D0020900D0020900D00206D
:10B00000980D0020980D0020A00D0020A00D00201C
:10B01000A80D0020A80D0020B00D0020B00D0020CC
:10B02000B80D0020B80D0020C00D0020C00D00207C
:10B03000C80D0020C80D0020D00D0020D00D00202C
:10B04000D80D0020D80D0020E00D0020E00D0020DC
:10B05000E80D0020E80D0020F00D0020F00D00208C
:10B06000F80D0020F80D0020000E0020000E00203A
:10B07000080E0020080E0020100E0020100E0020E8
:10B08000180E0020180E0020200E0020200E002098
:10B09000280E0020280E0020300E0020300E002048
:10B0A000380E0020380E0020400E0020400E0020F8
:10B0B000480E0020480E0020500E0020500E0020A8
:10B0C000580E0020580E0020600E0020600E002058
:10B0D000680E0020680E0020700E0020700E002008
:10B0E000780E0020780E0020800E0020800E0020B8
:10B0F000880E0020880E0020900E0020900E002068
:10B10000980E0020980E0020A00E0020A00E002017
:10B11000A80E0020A80E0020B00E0020B00E0020C7
:10B12000B80E0020B80E0020C00E0020C00E002077
:10B13000C80E0020C80E0020D00E0020D00E002027
:10B14000D80E0020D80E0020E00E0020E00E0020D7
:10B15000E80E0020E80E0020F00E0020F00E002087
:10B16000F80E0020F80E0020000F0020000F002035
:10B17000080F0020080F0020100F0020100F0020E3
:10B18000180F0020180F0020200F0020200F002093
:10B19000280F0020280F0020300F0020300F002043
:10B1A000380F0020380F0020400F0020400F0020F3
:10B1B000480F0020480F0020500F0020500F0020A3
:10B1C000580F0020580F0020600F0020600F002053
:10B1D000680F0020680F0020700F0020700F002003
:10B1E000780F0020780F0020800F0020800F0020B3
:10B1F000880F0020880F0020900F0020900F002063
:10B20000980F0020980F0020A00F0020A00F002012
:10B21000A80F0020A80F0020B00F0020B00F0020C2
:10B22000B80F0020B80F0020C00F0020C00F002072
:10B23000C80F0020C80F0020D00F0020D00F002022
:10B24000D80F0020D80F0020E00F0020E00F0020D2
:10B25000E80F0020E80F0020F00F0020F00F002082
:10B26000F80F0020F80F0020001000200010002030
:10B2700008100020081000201010002010100020DE
:10B28000181000201810002020100020201000208E
:10B29000281000202810002030100020301000203E
:10B2A00038100020381000204010002040100020EE
:10B2B000481000204810002050100020501000209E
:10B2C000581000205810002060100020601000204E
:10B2D00068100020681000207010002070100020FE
:10B2E00078100020781000208010002080100020AE
:10B2F000881000208810002090100020901000205E
:10B300009810002098100020A0100020A01000200D
:10B31000A8100020A8100020B0100020B0100020BD
:10B32000B8100020B8100020C0100020C01000206D
:10B33000C8100020C8100020D0100020D01000201D
:10B34000D8100020D8100020E0100020E0100020CD
:10B35000E8100020E8100020FFFFFFFF00000200BF
:10B360000000000003000000F0180020480A002040
:10B3700012010002EF020140C016830479020102AB
:10B38000030100002800000000010400010000008B
:10B3900000000000020157494E55534200000000D2
:10B3A00000000000000000000000000012034D003B
:10B3B000530046005400310030003000F800000017
:10B3C0000C0300000000000000000000000000006E
:10B3D000000000000000000000000000000000006D
:10B3E000000000000000000000000000000000005D
:10B3F000000000000000000000000000000000004D
:10B40000000000000000000000000000000000003C
:10B41000000000000000000000000000000000002C
:10B42000000000000000000000000000000000001C
:10B43000000000000000000000000000000000000C
:10B4400000000000000000000000000000000000FC
:10B4500000000000000000000000000000000000EC
:10B4600000000000000000000000000000000000DC
:10B4700000000000000000000000000000000000CC
:10B4800000000000000000000000000000000000BC
:10B4900000000000000000000000000000000000AC
:10B4A000000000000000000000000000000000009C
:10B4B000000000000000000000000000000000008C
:10B4C000000000000000000000000000000000007C
:10B4D000000000000000000000000000000000006C
:10B4E000000000000000000000000000000000005C
:10B4F000000000000000000000000000000000004C
:10B50000000000000000000000000000000000003B
:10B51000000000000000000000000000000000002B
:10B52000000000000000000000000000000000001B
:10B53000000000000000000000000000000000000B
:10B5400000000000000000000000000000000000FB
:10B5500000000000000000000000000000000000EB
:10B5600000000000000000000000000000000000DB
:10B5700000000000000000000000000000000000CB
:10B5800000000000000000000000000000000000BB
:10B5900000000000000000000000000000000000AB
:10B5A000000000000000000000000000000000009B
:10B5B000000000000000000000000000000000008B
:10B5C000000000000000000000000000000000007B
:10B5D000000000000000000000000000000000006B
:10B5E000000000000000000000000000000000005B
:10B5F000000000000000000000000000000000004B
:10B60000000000000000000000000000000000003A
:10B61000000000000000000000000000000000002A
:10B62000000000000000000000000000000000001A
:10B63000000000000000000000000000000000000A
:10B6400000000000000000000000000000000000FA
:10B6500000000000000000000000000000000000EA
:10B6600000000000000000000000000000000000DA
:10B6700000000000000000000000000000000000CA
:10B6800000000000000000000000000000000000BA
:10B6900000000000000000000000000000000000AA
:10B6A000000000000000000000000000000000009A
:10B6B000000000000000000000000000000000008A
:10B6C000000000000000000000000000000000007A
:10B6D000000000000000000000000000000000006A
:10B6E000000000000000000000000000000000005A
:10B6F000000000000000000000000000000000004A
:10B700000000000000000000000000000000000039
:10B710000000000000000000000000000000000029
:10B720000000000000000000000000000000000019
:10B730000000000000000000000000000000000009
:10B7400000000000000000000000000000000000F9
:10B7500000000000000000000000000000000000E9
:10B7600000000000000000000000000000000000D9
:10B7700000000000000000000000000000000000C9
:10B7800000000000000000000000000000000000B9
:10B7900000000000000000000000000000000000A9
:10B7A0000000000000000000000000000000000099
:10B7B0000000000000000000000000000000000089
:10B7C0000000000000000000000000000000000079
:10B7D0000000000000000000000000000000000069
:10B7E0000000000000000000000000000000000059
:10B7F0000000000000000000000000000000000049
:10B800000000000000000000000000000000000038
:10B810000000000000000000000000000000000028
:10B820000000000000000000000000000000000018
:10B830000000000000000000000000000000000008
:10B8400000000000000000000000000000000000F8
:10B8500000000000000000000000000000000000E8
:10B8600000000000000000000000000000000000D8
:10B8700000000000000000000000000000000000C8
:10B8800000000000000000000000000000000000B8
:10B8900000000000000000000000000000000000A8
:10B8A0000000000000000000000000000000000098
:10B8B0000000000000000000000000000000000088
:10B8C0000000000000000000000000000000000078
:10B8D0000000000000000000000000000000000068
:10B8E0000000000000000000000000000000000058
:10B8F0000000000000000000000000000000000048
:10B900000000000000000000000000000000000037
:10B910000000000000000000000000000000000027
:10B92000FFFFFFFFFFFFFFFFFFFFFFFFFFFFFFFF27
:10B93000FFFFFFFFFFFFFFFFFFFFFFFFFFFFFFFF17
:10B94000FFFFFFFFFFFFFFFFFFFFFFFFFFFFFFFF07
:10B95000FFFFFFFFFFFFFFFFFFFFFFFFFFFFFFFFF7
:10B96000FFFFFFFFFFFFFFFFFFFFFFFFFFFFFFFFE7
:10B97000FFFFFFFFFFFFFFFFFFFFFFFFFFFFFFFFD7
:10B98000FFFFFFFFFFFFFFFFFFFFFFFFFFFFFFFFC7
:10B99000FFFFFFFFFFFFFFFFFFFFFFFFFFFFFFFFB7
:10B9A000FFFFFFFFFFFFFFFFFFFFFFFFFFFFFFFFA7
:10B9B000FFFFFFFFFFFFFFFFFFFFFFFFFFFFFFFF97
:10B9C000FFFFFFFFFFFFFFFFFFFFFFFFFFFFFFFF87
:10B9D000FFFFFFFFFFFFFFFFFFFFFFFFFFFFFFFF77
:10B9E000FFFFFFFFFFFFFFFFFFFFFFFFFFFFFFFF67
:10B9F000FFFFFFFFFFFFFFFFFFFFFFFFFFFFFFFF57
:10BA0000FFFFFFFFFFFFFFFFFFFFFFFFFFFFFFFF46
:10BA1000FFFFFFFFFFFFFFFFFFFFFFFFFFFFFFFF36
:10BA2000FFFFFFFFFFFFFFFFFFFFFFFFFFFFFFFF26
:10BA3000FFFFFFFFFFFFFFFFFFFFFFFFFFFFFFFF16
:10BA4000FFFFFFFFFFFFFFFFFFFFFFFFFFFFFFFF06
:10BA5000FFFFFFFFFFFFFFFFFFFFFFFFFFFFFFFFF6
:10BA6000FFFFFFFFFFFFFFFFFFFFFFFFFFFFFFFFE6
:10BA7000FFFFFFFFFFFFFFFFFFFFFFFFFFFFFFFFD6
:10BA8000FFFFFFFFFFFFFFFFFFFFFFFFFFFFFFFFC6
:10BA9000FFFFFFFFFFFFFFFFFFFFFFFFFFFFFFFFB6
:10BAA000FFFFFFFFFFFFFFFFFFFFFFFFFFFFFFFFA6
:10BAB000FFFFFFFFFFFFFFFFFFFFFFFFFFFFFFFF96
:10BAC000FFFFFFFFFFFFFFFFFFFFFFFFFFFFFFFF86
:10BAD000FFFFFFFFFFFFFFFFFFFFFFFFFFFFFFFF76
:10BAE000FFFFFFFFFFFFFFFFFFFFFFFFFFFFFFFF66
:10BAF000FFFFFFFFFFFFFFFFFFFFFFFFFFFFFFFF56
:10BB0000FFFFFFFFFFFFFFFFFFFFFFFFFFFFFFFF45
:10BB1000FFFFFFFFFFFFFFFFFFFFFFFFFFFFFFFF35
:10BB2000FFFFFFFFFFFFFFFFFFFFFFFFFFFFFFFF25
:10BB3000FFFFFFFFFFFFFFFFFFFFFFFFFFFFFFFF15
:10BB4000FFFFFFFFFFFFFFFFFFFFFFFFFFFFFFFF05
:10BB5000FFFFFFFFFFFFFFFFFFFFFFFFFFFFFFFFF5
:10BB6000FFFFFFFFFFFFFFFFFFFFFFFFFFFFFFFFE5
:10BB7000FFFFFFFFFFFFFFFFFFFFFFFFFFFFFFFFD5
:10BB8000FFFFFFFFFFFFFFFFFFFFFFFFFFFFFFFFC5
:10BB9000FFFFFFFFFFFFFFFFFFFFFFFFFFFFFFFFB5
:10BBA000FFFFFFFFFFFFFFFFFFFFFFFFFFFFFFFFA5
:10BBB000FFFFFFFFFFFFFFFFFFFFFFFFFFFFFFFF95
:10BBC000FFFFFFFFFFFFFFFFFFFFFFFFFFFFFFFF85
:10BBD000FFFFFFFFFFFFFFFFFFFFFFFFFFFFFFFF75
:10BBE000FFFFFFFFFFFFFFFFFFFFFFFFFFFFFFFF65
:10BBF000FFFFFFFFFFFFFFFFFFFFFFFFFFFFFFFF55
:10BC00000000000000000000000000000000000034
:10BC10000000000000000000000000000000000024
:10BC20000000000000000000000000000000000014
:10BC30000000000000000000000000000000000004
:10BC400000000000000000000000000000000000F4
:10BC500000000000000000000000000000000000E4
:10BC600000000000000000000000000000000000D4
:10BC700000000000000000000000000000000000C4
:10BC800000000000000000000000000000000000B4
:10BC900000000000000000000000000000000000A4
:10BCA0000000000000000000000000000000000094
:10BCB0000000000000000000000000000000000084
:10BCC0000000000000000000000000000000000074
:10BCD0000000000000000000000000000000000064
:10BCE0000000000000000000000000000000000054
:10BCF0000000000000000000000000000000000044
:10BD00000000000000000000000000000000000033
:10BD10000000000000000000000000000000000023
:10BD20000000000000000000000000000000000013
:10BD30000000000000000000000000000000000003
:10BD400000000000000000000000000000000000F3
:10BD500000000000000000000000000000000000E3
:10BD600000000000000000000000000000000000D3
:10BD700000000000000000000000000000000000C3
:10BD800000000000000000000000000000000000B3
:10BD900000000000000000000000000000000000A3
:10BDA0000000000000000000000000000000000093
:10BDB0000000000000000000000000000000000083
:10BDC0000000000000000000000000000000000073
:10BDD0000000000000000000000000000000000063
:10BDE0000000000000000000000000000000000053
:10BDF0000000000000000000000000000000000043
:10BE00000000000000000000000000000000000032
:10BE10000000000000000000000000000000000022
:10BE20000000000000000000000000000000000012
:10BE30000000000000000000000000000000000002
:10BE400000000000000000000000000000000000F2
:10BE500000000000000000000000000000000000E2
:10BE600000000000000000000000000000000000D2
:10BE700000000000000000000000000000000000C2
:10BE800000000000000000000000000000000000B2
:10BE900000000000000000000000000000000000A2
:10BEA0000000000000000000000000000000000092
:10BEB0000000000000000000000000000000000082
:10BEC0000000000000000000000000000000000072
:10BED0000000000000000000000000000000000062
:10BEE0000000000000000000000000000000000052
:10BEF0000000000000000000000000000000000042
:10BF00000000000000000000000000000000000031
:10BF10000000000000000000000000000000000021
:10BF20000000000000000000000000000000000011
:10BF30000000000000000000000000000000000001
:10BF400000000000000000000000000000000000F1
:10BF500000000000000000000000000000000000E1
:10BF600000000000000000000000000000000000D1
:10BF700000000000000000000000000000000000C1
:10BF800000000000000000000000000000000000B1
:10BF900000000000000000000000000000000000A1
:10BFA0000000000000000000000000000000000091
:10BFB0000000000000000000000000000000000081
:10BFC0000000000000000000000000000000000071
:10BFD0000000000000000000000000000000000061
:10BFE0000000000000000000000000000000000051
:10BFF0000000000000000000000000000000000041
:10C000000000000000000000000000000000000030
:10C010000000000000000000000000000000000020
:10C020000000000000000000000000000000000010
:10C030000000000000000000000000000000000000
:10C0400000000000000000000000000000000000F0
:10C0500000000000000000000000000000000000E0
:10C0600000000000000000000000000000000000D0
:10C0700000000000000000000000000000000000C0
:10C0800000000000000000000000000000000000B0
:10C0900000000000000000000000000000000000A0
:10C0A0000000000000000000000000000000000090
:10C0B0000000000000000000000000000000000080
:10C0C0000000000000000000000000000000000070
:10C0D0000000000000000000000000000000000060
:10C0E0000000000000000000000000000000000050
:10C0F0000000000000000000000000000000000040
:10C10000000000000000000000000000000000002F
:10C11000000000000000000000000000000000001F
:10C12000000000000000000000000000000000000F
:10C1300000000000000000000000000000000000FF
:10C1400000000000000000000000000000000000EF
:10C1500000000000000000000000000000000000DF
:10C1600000000000000000000000000000000000CF
:10C1700000000000000000000000000000000000BF
:10C1800000000000000000000000000000000000AF
:10C19000000000000000000000000000000000009F
:10C1A000000000000000000000000000000000008F
:10C1B000000000000000000000000000000000007F
:10C1C000000000000000000000000000000000006F
:10C1D000000000000000000000000000000000005F
:10C1E000000000000000000000000000000000004F
:10C1F000000000000000000000000000000000003F
:10C20000000000000000000000000000000000002E
:10C21000000000000000000000000000000000001E
:10C22000000000000000000000000000000000000E
:10C2300000000000000000000000000000000000FE
:10C2400000000000000000000000000000000000EE
:10C2500000000000000000000000000000000000DE
:10C2600000000000000000000000000000000000CE
:10C2700000000000000000000000000000000000BE
:10C2800000000000000000000000000000000000AE
:10C29000000000000000000000000000000000009E
:10C2A000000000000000000000000000000000008E
:10C2B000000000000000000000000000000000007E
:10C2C000000000000000000000000000000000006E
:10C2D000000000000000000000000000000000005E
:10C2E000000000000000000000000000000000004E
:10C2F000000000000000000000000000000000003E
:10C30000000000000000000000000000000000002D
:10C31000000000000000000000000000000000001D
:10C32000000000000000000000000000000000000D
:10C3300000000000000000000000000000000000FD
:10C3400000000000000000000000000000000000ED
:10C3500000000000000000000000000000000000DD
:10C3600000000000000000000000000000000000CD
:10C3700000000000000000000000000000000000BD
:10C3800000000000000000000000000000000000AD
:10C39000000000000000000000000000000000009D
:10C3A000000000000000000000000000000000008D
:10C3B000000000000000000000000000000000007D
:10C3C000000000000000000000000000000000006D
:10C3D000000000000000000000000000000000005D
:10C3E000000000000000000000000000000000004D
:10C3F000000000000000000000000000000000003D
:10C40000000000000000000000000000000000002C
:10C41000000000000000000000000000000000001C
:10C42000000000000000000000000000000000000C
:10C4300000000000000000000000000000000000FC
:10C4400000000000000000000000000000000000EC
:10C4500000000000000000000000000000000000DC
:10C4600000000000000000000000000000000000CC
:10C4700000000000000000000000000000000000BC
:10C4800000000000000000000000000000000000AC
:10C49000000000000000000000000000000000009C
:10C4A000000000000000000000000000000000008C
:10C4B000000000000000000000000000000000007C
:10C4C000000000000000000000000000000000006C
:10C4D000000000000000000000000000000000005C
:10C4E000000000000000000000000000000000004C
:10C4F000000000000000000000000000000000003C
:10C50000000000000000000000000000000000002B
:10C51000000000000000000000000000000000001B
:10C52000000000000000000000000000000000000B
:10C5300000000000000000000000000000000000FB
:10C5400000000000000000000000000000000000EB
:10C5500000000000000000000000000000000000DB
:10C5600000000000000000000000000000000000CB
:10C5700000000000000000000000000000000000BB
:10C5800000000000000000000000000000000000AB
:10C59000000000000000000000000000000000009B
:10C5A000000000000000000000000000000000008B
:10C5B000000000000000000000000000000000007B
:10C5C000000000000000000000000000000000006B
:10C5D000000000000000000000000000000000005B
:10C5E000000000000000000000000000000000004B
:10C5F000000000000000000000000000000000003B
:10C60000000000000000000000000000000000002A
:10C61000000000000000000000000000000000001A
:10C62000000000000000000000000000000000000A
:10C6300000000000000000000000000000000000FA
:10C6400000000000000000000000000000000000EA
:10C6500000000000000000000000000000000000DA
:10C6600000000000000000000000000000000000CA
:10C6700000000000000000000000000000000000BA
:10C6800000000000000000000000000000000000AA
:10C69000000000000000000000000000000000009A
:10C6A000000000000000000000000000000000008A
:10C6B000000000000000000000000000000000007A
:10C6C000000000000000000000000000000000006A
:10C6D000000000000000000000000000000000005A
:10C6E000000000000000000000000000000000004A
:10C6F000000000000000000000000000000000003A
:10C700000000000000000000000000000000000029
:10C710000000000000000000000000000000000019
:10C720000000000000000000000000000000000009
:10C7300000000000000000000000000000000000F9
:10C7400000000000000000000000000000000000E9
:10C7500000000000000000000000000000000000D9
:10C7600000000000000000000000000000000000C9
:10C7700000000000000000000000000000000000B9
:10C7800000000000000000000000000000000000A9
:10C790000000000000000000000000000000000099
:10C7A0000000000000000000000000000000000089
:10C7B0000000000000000000000000000000000079
:10C7C0000000000000000000000000000000000069
:10C7D0000000000000000000000000000000000059
:10C7E0000000000000000000000000000000000049
:10C7F0000000000000000000000000000000000039
:040000056000100087
:00000001FF
